img_path,label
C:/Users/nayak/Desktop/MSIS_Files/IDD_CNN_inference/idd20k_lite/leftImg8bit/train\0\024541_image.jpg,1
C:/Users/nayak/Desktop/MSIS_Files/IDD_CNN_inference/idd20k_lite/leftImg8bit/train\0\024703_image.jpg,1
C:/Users/nayak/Desktop/MSIS_Files/IDD_CNN_inference/idd20k_lite/leftImg8bit/train\1\092468_image.jpg,1
C:/Users/nayak/Desktop/MSIS_Files/IDD_CNN_inference/idd20k_lite/leftImg8bit/train\1\340676_image.jpg,1
C:/Users/nayak/Desktop/MSIS_Files/IDD_CNN_inference/idd20k_lite/leftImg8bit/train\1\502201_image.jpg,0
C:/Users/nayak/Desktop/MSIS_Files/IDD_CNN_inference/idd20k_lite/leftImg8bit/train\1\601536_image.jpg,1
C:/Users/nayak/Desktop/MSIS_Files/IDD_CNN_inference/idd20k_lite/leftImg8bit/train\1\662706_image.jpg,1
C:/Users/nayak/Desktop/MSIS_Files/IDD_CNN_inference/idd20k_lite/leftImg8bit/train\1\725984_image.jpg,1
C:/Users/nayak/Desktop/MSIS_Files/IDD_CNN_inference/idd20k_lite/leftImg8bit/train\1\820938_image.jpg,1
C:/Users/nayak/Desktop/MSIS_Files/IDD_CNN_inference/idd20k_lite/leftImg8bit/train\10\092196_image.jpg,1
C:/Users/nayak/Desktop/MSIS_Files/IDD_CNN_inference/idd20k_lite/leftImg8bit/train\100\178149_image.jpg,1
C:/Users/nayak/Desktop/MSIS_Files/IDD_CNN_inference/idd20k_lite/leftImg8bit/train\100\206998_image.jpg,1
C:/Users/nayak/Desktop/MSIS_Files/IDD_CNN_inference/idd20k_lite/leftImg8bit/train\100\296819_image.jpg,1
C:/Users/nayak/Desktop/MSIS_Files/IDD_CNN_inference/idd20k_lite/leftImg8bit/train\100\521867_image.jpg,0
C:/Users/nayak/Desktop/MSIS_Files/IDD_CNN_inference/idd20k_lite/leftImg8bit/train\100\635804_image.jpg,1
C:/Users/nayak/Desktop/MSIS_Files/IDD_CNN_inference/idd20k_lite/leftImg8bit/train\100\675055_image.jpg,1
C:/Users/nayak/Desktop/MSIS_Files/IDD_CNN_inference/idd20k_lite/leftImg8bit/train\100\711957_image.jpg,1
C:/Users/nayak/Desktop/MSIS_Files/IDD_CNN_inference/idd20k_lite/leftImg8bit/train\100\975841_image.jpg,1
C:/Users/nayak/Desktop/MSIS_Files/IDD_CNN_inference/idd20k_lite/leftImg8bit/train\101\721089_image.jpg,1
C:/Users/nayak/Desktop/MSIS_Files/IDD_CNN_inference/idd20k_lite/leftImg8bit/train\101\823323_image.jpg,1
C:/Users/nayak/Desktop/MSIS_Files/IDD_CNN_inference/idd20k_lite/leftImg8bit/train\102\064400_image.jpg,1
C:/Users/nayak/Desktop/MSIS_Files/IDD_CNN_inference/idd20k_lite/leftImg8bit/train\102\153272_image.jpg,1
C:/Users/nayak/Desktop/MSIS_Files/IDD_CNN_inference/idd20k_lite/leftImg8bit/train\102\207103_image.jpg,1
C:/Users/nayak/Desktop/MSIS_Files/IDD_CNN_inference/idd20k_lite/leftImg8bit/train\102\356154_image.jpg,1
C:/Users/nayak/Desktop/MSIS_Files/IDD_CNN_inference/idd20k_lite/leftImg8bit/train\102\515924_image.jpg,1
C:/Users/nayak/Desktop/MSIS_Files/IDD_CNN_inference/idd20k_lite/leftImg8bit/train\102\680450_image.jpg,1
C:/Users/nayak/Desktop/MSIS_Files/IDD_CNN_inference/idd20k_lite/leftImg8bit/train\102\724325_image.jpg,1
C:/Users/nayak/Desktop/MSIS_Files/IDD_CNN_inference/idd20k_lite/leftImg8bit/train\102\731920_image.jpg,1
C:/Users/nayak/Desktop/MSIS_Files/IDD_CNN_inference/idd20k_lite/leftImg8bit/train\102\790605_image.jpg,1
C:/Users/nayak/Desktop/MSIS_Files/IDD_CNN_inference/idd20k_lite/leftImg8bit/train\102\921951_image.jpg,1
C:/Users/nayak/Desktop/MSIS_Files/IDD_CNN_inference/idd20k_lite/leftImg8bit/train\102\922243_image.jpg,1
C:/Users/nayak/Desktop/MSIS_Files/IDD_CNN_inference/idd20k_lite/leftImg8bit/train\104\156670_image.jpg,0
C:/Users/nayak/Desktop/MSIS_Files/IDD_CNN_inference/idd20k_lite/leftImg8bit/train\104\176225_image.jpg,0
C:/Users/nayak/Desktop/MSIS_Files/IDD_CNN_inference/idd20k_lite/leftImg8bit/train\104\209186_image.jpg,0
C:/Users/nayak/Desktop/MSIS_Files/IDD_CNN_inference/idd20k_lite/leftImg8bit/train\104\374126_image.jpg,1
C:/Users/nayak/Desktop/MSIS_Files/IDD_CNN_inference/idd20k_lite/leftImg8bit/train\104\563753_image.jpg,0
C:/Users/nayak/Desktop/MSIS_Files/IDD_CNN_inference/idd20k_lite/leftImg8bit/train\104\705435_image.jpg,1
C:/Users/nayak/Desktop/MSIS_Files/IDD_CNN_inference/idd20k_lite/leftImg8bit/train\106\344832_image.jpg,1
C:/Users/nayak/Desktop/MSIS_Files/IDD_CNN_inference/idd20k_lite/leftImg8bit/train\106\577732_image.jpg,1
C:/Users/nayak/Desktop/MSIS_Files/IDD_CNN_inference/idd20k_lite/leftImg8bit/train\106\960225_image.jpg,1
C:/Users/nayak/Desktop/MSIS_Files/IDD_CNN_inference/idd20k_lite/leftImg8bit/train\108\119180_image.jpg,1
C:/Users/nayak/Desktop/MSIS_Files/IDD_CNN_inference/idd20k_lite/leftImg8bit/train\108\430763_image.jpg,1
C:/Users/nayak/Desktop/MSIS_Files/IDD_CNN_inference/idd20k_lite/leftImg8bit/train\108\431932_image.jpg,1
C:/Users/nayak/Desktop/MSIS_Files/IDD_CNN_inference/idd20k_lite/leftImg8bit/train\108\676673_image.jpg,1
C:/Users/nayak/Desktop/MSIS_Files/IDD_CNN_inference/idd20k_lite/leftImg8bit/train\11\112144_image.jpg,1
C:/Users/nayak/Desktop/MSIS_Files/IDD_CNN_inference/idd20k_lite/leftImg8bit/train\11\411206_image.jpg,1
C:/Users/nayak/Desktop/MSIS_Files/IDD_CNN_inference/idd20k_lite/leftImg8bit/train\11\416335_image.jpg,1
C:/Users/nayak/Desktop/MSIS_Files/IDD_CNN_inference/idd20k_lite/leftImg8bit/train\11\489340_image.jpg,0
C:/Users/nayak/Desktop/MSIS_Files/IDD_CNN_inference/idd20k_lite/leftImg8bit/train\110\002222_image.jpg,1
C:/Users/nayak/Desktop/MSIS_Files/IDD_CNN_inference/idd20k_lite/leftImg8bit/train\110\007073_image.jpg,1
C:/Users/nayak/Desktop/MSIS_Files/IDD_CNN_inference/idd20k_lite/leftImg8bit/train\110\007178_image.jpg,1
C:/Users/nayak/Desktop/MSIS_Files/IDD_CNN_inference/idd20k_lite/leftImg8bit/train\110\007246_image.jpg,1
C:/Users/nayak/Desktop/MSIS_Files/IDD_CNN_inference/idd20k_lite/leftImg8bit/train\110\014678_image.jpg,1
C:/Users/nayak/Desktop/MSIS_Files/IDD_CNN_inference/idd20k_lite/leftImg8bit/train\110\015309_image.jpg,1
C:/Users/nayak/Desktop/MSIS_Files/IDD_CNN_inference/idd20k_lite/leftImg8bit/train\110\017628_image.jpg,1
C:/Users/nayak/Desktop/MSIS_Files/IDD_CNN_inference/idd20k_lite/leftImg8bit/train\110\026078_image.jpg,1
C:/Users/nayak/Desktop/MSIS_Files/IDD_CNN_inference/idd20k_lite/leftImg8bit/train\110\026123_image.jpg,1
C:/Users/nayak/Desktop/MSIS_Files/IDD_CNN_inference/idd20k_lite/leftImg8bit/train\115\275509_image.jpg,1
C:/Users/nayak/Desktop/MSIS_Files/IDD_CNN_inference/idd20k_lite/leftImg8bit/train\116\159777_image.jpg,1
C:/Users/nayak/Desktop/MSIS_Files/IDD_CNN_inference/idd20k_lite/leftImg8bit/train\116\690701_image.jpg,1
C:/Users/nayak/Desktop/MSIS_Files/IDD_CNN_inference/idd20k_lite/leftImg8bit/train\116\721452_image.jpg,1
C:/Users/nayak/Desktop/MSIS_Files/IDD_CNN_inference/idd20k_lite/leftImg8bit/train\116\889242_image.jpg,1
C:/Users/nayak/Desktop/MSIS_Files/IDD_CNN_inference/idd20k_lite/leftImg8bit/train\116\900039_image.jpg,1
C:/Users/nayak/Desktop/MSIS_Files/IDD_CNN_inference/idd20k_lite/leftImg8bit/train\116\943772_image.jpg,1
C:/Users/nayak/Desktop/MSIS_Files/IDD_CNN_inference/idd20k_lite/leftImg8bit/train\117\268450_image.jpg,1
C:/Users/nayak/Desktop/MSIS_Files/IDD_CNN_inference/idd20k_lite/leftImg8bit/train\117\426833_image.jpg,1
C:/Users/nayak/Desktop/MSIS_Files/IDD_CNN_inference/idd20k_lite/leftImg8bit/train\118\023504_image.jpg,1
C:/Users/nayak/Desktop/MSIS_Files/IDD_CNN_inference/idd20k_lite/leftImg8bit/train\118\945946_image.jpg,1
C:/Users/nayak/Desktop/MSIS_Files/IDD_CNN_inference/idd20k_lite/leftImg8bit/train\121\239132_image.jpg,1
C:/Users/nayak/Desktop/MSIS_Files/IDD_CNN_inference/idd20k_lite/leftImg8bit/train\121\348149_image.jpg,1
C:/Users/nayak/Desktop/MSIS_Files/IDD_CNN_inference/idd20k_lite/leftImg8bit/train\121\375280_image.jpg,1
C:/Users/nayak/Desktop/MSIS_Files/IDD_CNN_inference/idd20k_lite/leftImg8bit/train\121\488582_image.jpg,1
C:/Users/nayak/Desktop/MSIS_Files/IDD_CNN_inference/idd20k_lite/leftImg8bit/train\121\501242_image.jpg,1
C:/Users/nayak/Desktop/MSIS_Files/IDD_CNN_inference/idd20k_lite/leftImg8bit/train\121\726004_image.jpg,0
C:/Users/nayak/Desktop/MSIS_Files/IDD_CNN_inference/idd20k_lite/leftImg8bit/train\121\888058_image.jpg,1
C:/Users/nayak/Desktop/MSIS_Files/IDD_CNN_inference/idd20k_lite/leftImg8bit/train\121\939431_image.jpg,1
C:/Users/nayak/Desktop/MSIS_Files/IDD_CNN_inference/idd20k_lite/leftImg8bit/train\122\000490_image.jpg,0
C:/Users/nayak/Desktop/MSIS_Files/IDD_CNN_inference/idd20k_lite/leftImg8bit/train\124\208276_image.jpg,1
C:/Users/nayak/Desktop/MSIS_Files/IDD_CNN_inference/idd20k_lite/leftImg8bit/train\124\350940_image.jpg,1
C:/Users/nayak/Desktop/MSIS_Files/IDD_CNN_inference/idd20k_lite/leftImg8bit/train\124\809168_image.jpg,1
C:/Users/nayak/Desktop/MSIS_Files/IDD_CNN_inference/idd20k_lite/leftImg8bit/train\125\148536_image.jpg,0
C:/Users/nayak/Desktop/MSIS_Files/IDD_CNN_inference/idd20k_lite/leftImg8bit/train\125\223851_image.jpg,0
C:/Users/nayak/Desktop/MSIS_Files/IDD_CNN_inference/idd20k_lite/leftImg8bit/train\125\346636_image.jpg,0
C:/Users/nayak/Desktop/MSIS_Files/IDD_CNN_inference/idd20k_lite/leftImg8bit/train\125\891407_image.jpg,0
C:/Users/nayak/Desktop/MSIS_Files/IDD_CNN_inference/idd20k_lite/leftImg8bit/train\126\124352_image.jpg,0
C:/Users/nayak/Desktop/MSIS_Files/IDD_CNN_inference/idd20k_lite/leftImg8bit/train\126\125671_image.jpg,0
C:/Users/nayak/Desktop/MSIS_Files/IDD_CNN_inference/idd20k_lite/leftImg8bit/train\126\546479_image.jpg,1
C:/Users/nayak/Desktop/MSIS_Files/IDD_CNN_inference/idd20k_lite/leftImg8bit/train\127\047230_image.jpg,0
C:/Users/nayak/Desktop/MSIS_Files/IDD_CNN_inference/idd20k_lite/leftImg8bit/train\127\185379_image.jpg,1
C:/Users/nayak/Desktop/MSIS_Files/IDD_CNN_inference/idd20k_lite/leftImg8bit/train\127\238425_image.jpg,0
C:/Users/nayak/Desktop/MSIS_Files/IDD_CNN_inference/idd20k_lite/leftImg8bit/train\127\674919_image.jpg,1
C:/Users/nayak/Desktop/MSIS_Files/IDD_CNN_inference/idd20k_lite/leftImg8bit/train\127\840288_image.jpg,1
C:/Users/nayak/Desktop/MSIS_Files/IDD_CNN_inference/idd20k_lite/leftImg8bit/train\128\313135_image.jpg,1
C:/Users/nayak/Desktop/MSIS_Files/IDD_CNN_inference/idd20k_lite/leftImg8bit/train\128\806657_image.jpg,0
C:/Users/nayak/Desktop/MSIS_Files/IDD_CNN_inference/idd20k_lite/leftImg8bit/train\130\007329_image.jpg,1
C:/Users/nayak/Desktop/MSIS_Files/IDD_CNN_inference/idd20k_lite/leftImg8bit/train\130\019239_image.jpg,0
C:/Users/nayak/Desktop/MSIS_Files/IDD_CNN_inference/idd20k_lite/leftImg8bit/train\131\049769_image.jpg,1
C:/Users/nayak/Desktop/MSIS_Files/IDD_CNN_inference/idd20k_lite/leftImg8bit/train\131\433054_image.jpg,1
C:/Users/nayak/Desktop/MSIS_Files/IDD_CNN_inference/idd20k_lite/leftImg8bit/train\131\493184_image.jpg,0
C:/Users/nayak/Desktop/MSIS_Files/IDD_CNN_inference/idd20k_lite/leftImg8bit/train\131\547407_image.jpg,0
C:/Users/nayak/Desktop/MSIS_Files/IDD_CNN_inference/idd20k_lite/leftImg8bit/train\131\674792_image.jpg,0
C:/Users/nayak/Desktop/MSIS_Files/IDD_CNN_inference/idd20k_lite/leftImg8bit/train\131\729168_image.jpg,1
C:/Users/nayak/Desktop/MSIS_Files/IDD_CNN_inference/idd20k_lite/leftImg8bit/train\131\878528_image.jpg,1
C:/Users/nayak/Desktop/MSIS_Files/IDD_CNN_inference/idd20k_lite/leftImg8bit/train\133\079899_image.jpg,1
C:/Users/nayak/Desktop/MSIS_Files/IDD_CNN_inference/idd20k_lite/leftImg8bit/train\133\098006_image.jpg,1
C:/Users/nayak/Desktop/MSIS_Files/IDD_CNN_inference/idd20k_lite/leftImg8bit/train\133\107463_image.jpg,1
C:/Users/nayak/Desktop/MSIS_Files/IDD_CNN_inference/idd20k_lite/leftImg8bit/train\133\356575_image.jpg,0
C:/Users/nayak/Desktop/MSIS_Files/IDD_CNN_inference/idd20k_lite/leftImg8bit/train\133\582509_image.jpg,1
C:/Users/nayak/Desktop/MSIS_Files/IDD_CNN_inference/idd20k_lite/leftImg8bit/train\133\672175_image.jpg,0
C:/Users/nayak/Desktop/MSIS_Files/IDD_CNN_inference/idd20k_lite/leftImg8bit/train\133\810855_image.jpg,1
C:/Users/nayak/Desktop/MSIS_Files/IDD_CNN_inference/idd20k_lite/leftImg8bit/train\133\834417_image.jpg,1
C:/Users/nayak/Desktop/MSIS_Files/IDD_CNN_inference/idd20k_lite/leftImg8bit/train\135\131082_image.jpg,1
C:/Users/nayak/Desktop/MSIS_Files/IDD_CNN_inference/idd20k_lite/leftImg8bit/train\135\330189_image.jpg,1
C:/Users/nayak/Desktop/MSIS_Files/IDD_CNN_inference/idd20k_lite/leftImg8bit/train\136\042143_image.jpg,1
C:/Users/nayak/Desktop/MSIS_Files/IDD_CNN_inference/idd20k_lite/leftImg8bit/train\136\141768_image.jpg,1
C:/Users/nayak/Desktop/MSIS_Files/IDD_CNN_inference/idd20k_lite/leftImg8bit/train\136\168441_image.jpg,1
C:/Users/nayak/Desktop/MSIS_Files/IDD_CNN_inference/idd20k_lite/leftImg8bit/train\136\205117_image.jpg,1
C:/Users/nayak/Desktop/MSIS_Files/IDD_CNN_inference/idd20k_lite/leftImg8bit/train\136\213416_image.jpg,1
C:/Users/nayak/Desktop/MSIS_Files/IDD_CNN_inference/idd20k_lite/leftImg8bit/train\136\248393_image.jpg,1
C:/Users/nayak/Desktop/MSIS_Files/IDD_CNN_inference/idd20k_lite/leftImg8bit/train\136\732563_image.jpg,1
C:/Users/nayak/Desktop/MSIS_Files/IDD_CNN_inference/idd20k_lite/leftImg8bit/train\136\910428_image.jpg,1
C:/Users/nayak/Desktop/MSIS_Files/IDD_CNN_inference/idd20k_lite/leftImg8bit/train\137\125388_image.jpg,1
C:/Users/nayak/Desktop/MSIS_Files/IDD_CNN_inference/idd20k_lite/leftImg8bit/train\137\440778_image.jpg,1
C:/Users/nayak/Desktop/MSIS_Files/IDD_CNN_inference/idd20k_lite/leftImg8bit/train\137\821878_image.jpg,0
C:/Users/nayak/Desktop/MSIS_Files/IDD_CNN_inference/idd20k_lite/leftImg8bit/train\137\916150_image.jpg,0
C:/Users/nayak/Desktop/MSIS_Files/IDD_CNN_inference/idd20k_lite/leftImg8bit/train\138\005845_image.jpg,1
C:/Users/nayak/Desktop/MSIS_Files/IDD_CNN_inference/idd20k_lite/leftImg8bit/train\138\006445_image.jpg,0
C:/Users/nayak/Desktop/MSIS_Files/IDD_CNN_inference/idd20k_lite/leftImg8bit/train\138\017127_image.jpg,1
C:/Users/nayak/Desktop/MSIS_Files/IDD_CNN_inference/idd20k_lite/leftImg8bit/train\138\020026_image.jpg,1
C:/Users/nayak/Desktop/MSIS_Files/IDD_CNN_inference/idd20k_lite/leftImg8bit/train\138\027135_image.jpg,1
C:/Users/nayak/Desktop/MSIS_Files/IDD_CNN_inference/idd20k_lite/leftImg8bit/train\139\007179_image.jpg,0
C:/Users/nayak/Desktop/MSIS_Files/IDD_CNN_inference/idd20k_lite/leftImg8bit/train\139\011161_image.jpg,1
C:/Users/nayak/Desktop/MSIS_Files/IDD_CNN_inference/idd20k_lite/leftImg8bit/train\139\017846_image.jpg,1
C:/Users/nayak/Desktop/MSIS_Files/IDD_CNN_inference/idd20k_lite/leftImg8bit/train\140\443515_image.jpg,1
C:/Users/nayak/Desktop/MSIS_Files/IDD_CNN_inference/idd20k_lite/leftImg8bit/train\140\489187_image.jpg,1
C:/Users/nayak/Desktop/MSIS_Files/IDD_CNN_inference/idd20k_lite/leftImg8bit/train\140\753454_image.jpg,1
C:/Users/nayak/Desktop/MSIS_Files/IDD_CNN_inference/idd20k_lite/leftImg8bit/train\140\843900_image.jpg,1
C:/Users/nayak/Desktop/MSIS_Files/IDD_CNN_inference/idd20k_lite/leftImg8bit/train\141\010802_image.jpg,0
C:/Users/nayak/Desktop/MSIS_Files/IDD_CNN_inference/idd20k_lite/leftImg8bit/train\141\012668_image.jpg,1
C:/Users/nayak/Desktop/MSIS_Files/IDD_CNN_inference/idd20k_lite/leftImg8bit/train\141\017080_image.jpg,1
C:/Users/nayak/Desktop/MSIS_Files/IDD_CNN_inference/idd20k_lite/leftImg8bit/train\141\017689_image.jpg,0
C:/Users/nayak/Desktop/MSIS_Files/IDD_CNN_inference/idd20k_lite/leftImg8bit/train\141\021693_image.jpg,1
C:/Users/nayak/Desktop/MSIS_Files/IDD_CNN_inference/idd20k_lite/leftImg8bit/train\141\023493_image.jpg,1
C:/Users/nayak/Desktop/MSIS_Files/IDD_CNN_inference/idd20k_lite/leftImg8bit/train\142\238654_image.jpg,1
C:/Users/nayak/Desktop/MSIS_Files/IDD_CNN_inference/idd20k_lite/leftImg8bit/train\142\239420_image.jpg,1
C:/Users/nayak/Desktop/MSIS_Files/IDD_CNN_inference/idd20k_lite/leftImg8bit/train\142\960831_image.jpg,1
C:/Users/nayak/Desktop/MSIS_Files/IDD_CNN_inference/idd20k_lite/leftImg8bit/train\142\964712_image.jpg,1
C:/Users/nayak/Desktop/MSIS_Files/IDD_CNN_inference/idd20k_lite/leftImg8bit/train\143\722198_image.jpg,0
C:/Users/nayak/Desktop/MSIS_Files/IDD_CNN_inference/idd20k_lite/leftImg8bit/train\144\509816_image.jpg,0
C:/Users/nayak/Desktop/MSIS_Files/IDD_CNN_inference/idd20k_lite/leftImg8bit/train\144\558682_image.jpg,1
C:/Users/nayak/Desktop/MSIS_Files/IDD_CNN_inference/idd20k_lite/leftImg8bit/train\144\689632_image.jpg,0
C:/Users/nayak/Desktop/MSIS_Files/IDD_CNN_inference/idd20k_lite/leftImg8bit/train\144\769159_image.jpg,0
C:/Users/nayak/Desktop/MSIS_Files/IDD_CNN_inference/idd20k_lite/leftImg8bit/train\145\158968_image.jpg,1
C:/Users/nayak/Desktop/MSIS_Files/IDD_CNN_inference/idd20k_lite/leftImg8bit/train\145\181557_image.jpg,1
C:/Users/nayak/Desktop/MSIS_Files/IDD_CNN_inference/idd20k_lite/leftImg8bit/train\145\414746_image.jpg,1
C:/Users/nayak/Desktop/MSIS_Files/IDD_CNN_inference/idd20k_lite/leftImg8bit/train\145\440190_image.jpg,1
C:/Users/nayak/Desktop/MSIS_Files/IDD_CNN_inference/idd20k_lite/leftImg8bit/train\145\493062_image.jpg,1
C:/Users/nayak/Desktop/MSIS_Files/IDD_CNN_inference/idd20k_lite/leftImg8bit/train\145\564882_image.jpg,1
C:/Users/nayak/Desktop/MSIS_Files/IDD_CNN_inference/idd20k_lite/leftImg8bit/train\145\735366_image.jpg,1
C:/Users/nayak/Desktop/MSIS_Files/IDD_CNN_inference/idd20k_lite/leftImg8bit/train\145\845623_image.jpg,1
C:/Users/nayak/Desktop/MSIS_Files/IDD_CNN_inference/idd20k_lite/leftImg8bit/train\145\881557_image.jpg,0
C:/Users/nayak/Desktop/MSIS_Files/IDD_CNN_inference/idd20k_lite/leftImg8bit/train\146\000624_image.jpg,1
C:/Users/nayak/Desktop/MSIS_Files/IDD_CNN_inference/idd20k_lite/leftImg8bit/train\146\000963_image.jpg,1
C:/Users/nayak/Desktop/MSIS_Files/IDD_CNN_inference/idd20k_lite/leftImg8bit/train\151\000497_image.jpg,0
C:/Users/nayak/Desktop/MSIS_Files/IDD_CNN_inference/idd20k_lite/leftImg8bit/train\151\023213_image.jpg,0
C:/Users/nayak/Desktop/MSIS_Files/IDD_CNN_inference/idd20k_lite/leftImg8bit/train\151\200483_image.jpg,0
C:/Users/nayak/Desktop/MSIS_Files/IDD_CNN_inference/idd20k_lite/leftImg8bit/train\151\236264_image.jpg,1
C:/Users/nayak/Desktop/MSIS_Files/IDD_CNN_inference/idd20k_lite/leftImg8bit/train\151\356745_image.jpg,1
C:/Users/nayak/Desktop/MSIS_Files/IDD_CNN_inference/idd20k_lite/leftImg8bit/train\151\404782_image.jpg,0
C:/Users/nayak/Desktop/MSIS_Files/IDD_CNN_inference/idd20k_lite/leftImg8bit/train\151\411406_image.jpg,0
C:/Users/nayak/Desktop/MSIS_Files/IDD_CNN_inference/idd20k_lite/leftImg8bit/train\151\448339_image.jpg,0
C:/Users/nayak/Desktop/MSIS_Files/IDD_CNN_inference/idd20k_lite/leftImg8bit/train\151\495487_image.jpg,0
C:/Users/nayak/Desktop/MSIS_Files/IDD_CNN_inference/idd20k_lite/leftImg8bit/train\151\648444_image.jpg,0
C:/Users/nayak/Desktop/MSIS_Files/IDD_CNN_inference/idd20k_lite/leftImg8bit/train\151\799360_image.jpg,0
C:/Users/nayak/Desktop/MSIS_Files/IDD_CNN_inference/idd20k_lite/leftImg8bit/train\151\994530_image.jpg,0
C:/Users/nayak/Desktop/MSIS_Files/IDD_CNN_inference/idd20k_lite/leftImg8bit/train\152\016207_image.jpg,1
C:/Users/nayak/Desktop/MSIS_Files/IDD_CNN_inference/idd20k_lite/leftImg8bit/train\152\030890_image.jpg,1
C:/Users/nayak/Desktop/MSIS_Files/IDD_CNN_inference/idd20k_lite/leftImg8bit/train\152\034149_image.jpg,0
C:/Users/nayak/Desktop/MSIS_Files/IDD_CNN_inference/idd20k_lite/leftImg8bit/train\152\635556_image.jpg,1
C:/Users/nayak/Desktop/MSIS_Files/IDD_CNN_inference/idd20k_lite/leftImg8bit/train\152\762387_image.jpg,1
C:/Users/nayak/Desktop/MSIS_Files/IDD_CNN_inference/idd20k_lite/leftImg8bit/train\152\973352_image.jpg,0
C:/Users/nayak/Desktop/MSIS_Files/IDD_CNN_inference/idd20k_lite/leftImg8bit/train\154\079788_image.jpg,1
C:/Users/nayak/Desktop/MSIS_Files/IDD_CNN_inference/idd20k_lite/leftImg8bit/train\154\316127_image.jpg,1
C:/Users/nayak/Desktop/MSIS_Files/IDD_CNN_inference/idd20k_lite/leftImg8bit/train\154\656974_image.jpg,1
C:/Users/nayak/Desktop/MSIS_Files/IDD_CNN_inference/idd20k_lite/leftImg8bit/train\154\700833_image.jpg,1
C:/Users/nayak/Desktop/MSIS_Files/IDD_CNN_inference/idd20k_lite/leftImg8bit/train\154\857687_image.jpg,1
C:/Users/nayak/Desktop/MSIS_Files/IDD_CNN_inference/idd20k_lite/leftImg8bit/train\155\022873_image.jpg,1
C:/Users/nayak/Desktop/MSIS_Files/IDD_CNN_inference/idd20k_lite/leftImg8bit/train\155\260366_image.jpg,1
C:/Users/nayak/Desktop/MSIS_Files/IDD_CNN_inference/idd20k_lite/leftImg8bit/train\155\310144_image.jpg,1
C:/Users/nayak/Desktop/MSIS_Files/IDD_CNN_inference/idd20k_lite/leftImg8bit/train\155\420156_image.jpg,1
C:/Users/nayak/Desktop/MSIS_Files/IDD_CNN_inference/idd20k_lite/leftImg8bit/train\155\421715_image.jpg,1
C:/Users/nayak/Desktop/MSIS_Files/IDD_CNN_inference/idd20k_lite/leftImg8bit/train\155\750720_image.jpg,1
C:/Users/nayak/Desktop/MSIS_Files/IDD_CNN_inference/idd20k_lite/leftImg8bit/train\155\771493_image.jpg,1
C:/Users/nayak/Desktop/MSIS_Files/IDD_CNN_inference/idd20k_lite/leftImg8bit/train\155\828496_image.jpg,1
C:/Users/nayak/Desktop/MSIS_Files/IDD_CNN_inference/idd20k_lite/leftImg8bit/train\155\835381_image.jpg,1
C:/Users/nayak/Desktop/MSIS_Files/IDD_CNN_inference/idd20k_lite/leftImg8bit/train\155\838879_image.jpg,1
C:/Users/nayak/Desktop/MSIS_Files/IDD_CNN_inference/idd20k_lite/leftImg8bit/train\155\838963_image.jpg,1
C:/Users/nayak/Desktop/MSIS_Files/IDD_CNN_inference/idd20k_lite/leftImg8bit/train\155\970497_image.jpg,1
C:/Users/nayak/Desktop/MSIS_Files/IDD_CNN_inference/idd20k_lite/leftImg8bit/train\156\239417_image.jpg,1
C:/Users/nayak/Desktop/MSIS_Files/IDD_CNN_inference/idd20k_lite/leftImg8bit/train\156\576104_image.jpg,0
C:/Users/nayak/Desktop/MSIS_Files/IDD_CNN_inference/idd20k_lite/leftImg8bit/train\156\689771_image.jpg,1
C:/Users/nayak/Desktop/MSIS_Files/IDD_CNN_inference/idd20k_lite/leftImg8bit/train\156\720823_image.jpg,1
C:/Users/nayak/Desktop/MSIS_Files/IDD_CNN_inference/idd20k_lite/leftImg8bit/train\156\855788_image.jpg,1
C:/Users/nayak/Desktop/MSIS_Files/IDD_CNN_inference/idd20k_lite/leftImg8bit/train\157\063690_image.jpg,0
C:/Users/nayak/Desktop/MSIS_Files/IDD_CNN_inference/idd20k_lite/leftImg8bit/train\157\213930_image.jpg,0
C:/Users/nayak/Desktop/MSIS_Files/IDD_CNN_inference/idd20k_lite/leftImg8bit/train\157\217050_image.jpg,0
C:/Users/nayak/Desktop/MSIS_Files/IDD_CNN_inference/idd20k_lite/leftImg8bit/train\157\219212_image.jpg,1
C:/Users/nayak/Desktop/MSIS_Files/IDD_CNN_inference/idd20k_lite/leftImg8bit/train\157\247569_image.jpg,1
C:/Users/nayak/Desktop/MSIS_Files/IDD_CNN_inference/idd20k_lite/leftImg8bit/train\157\668203_image.jpg,1
C:/Users/nayak/Desktop/MSIS_Files/IDD_CNN_inference/idd20k_lite/leftImg8bit/train\157\798023_image.jpg,1
C:/Users/nayak/Desktop/MSIS_Files/IDD_CNN_inference/idd20k_lite/leftImg8bit/train\157\998984_image.jpg,0
C:/Users/nayak/Desktop/MSIS_Files/IDD_CNN_inference/idd20k_lite/leftImg8bit/train\158\211933_image.jpg,1
C:/Users/nayak/Desktop/MSIS_Files/IDD_CNN_inference/idd20k_lite/leftImg8bit/train\158\217657_image.jpg,1
C:/Users/nayak/Desktop/MSIS_Files/IDD_CNN_inference/idd20k_lite/leftImg8bit/train\158\278868_image.jpg,1
C:/Users/nayak/Desktop/MSIS_Files/IDD_CNN_inference/idd20k_lite/leftImg8bit/train\158\862328_image.jpg,1
C:/Users/nayak/Desktop/MSIS_Files/IDD_CNN_inference/idd20k_lite/leftImg8bit/train\158\864886_image.jpg,1
C:/Users/nayak/Desktop/MSIS_Files/IDD_CNN_inference/idd20k_lite/leftImg8bit/train\158\939003_image.jpg,0
C:/Users/nayak/Desktop/MSIS_Files/IDD_CNN_inference/idd20k_lite/leftImg8bit/train\158\948115_image.jpg,1
C:/Users/nayak/Desktop/MSIS_Files/IDD_CNN_inference/idd20k_lite/leftImg8bit/train\16\842971_image.jpg,1
C:/Users/nayak/Desktop/MSIS_Files/IDD_CNN_inference/idd20k_lite/leftImg8bit/train\16\848588_image.jpg,1
C:/Users/nayak/Desktop/MSIS_Files/IDD_CNN_inference/idd20k_lite/leftImg8bit/train\16\925743_image.jpg,1
C:/Users/nayak/Desktop/MSIS_Files/IDD_CNN_inference/idd20k_lite/leftImg8bit/train\160\302487_image.jpg,0
C:/Users/nayak/Desktop/MSIS_Files/IDD_CNN_inference/idd20k_lite/leftImg8bit/train\160\304836_image.jpg,0
C:/Users/nayak/Desktop/MSIS_Files/IDD_CNN_inference/idd20k_lite/leftImg8bit/train\160\440293_image.jpg,0
C:/Users/nayak/Desktop/MSIS_Files/IDD_CNN_inference/idd20k_lite/leftImg8bit/train\162\554318_image.jpg,0
C:/Users/nayak/Desktop/MSIS_Files/IDD_CNN_inference/idd20k_lite/leftImg8bit/train\162\597145_image.jpg,1
C:/Users/nayak/Desktop/MSIS_Files/IDD_CNN_inference/idd20k_lite/leftImg8bit/train\162\705452_image.jpg,0
C:/Users/nayak/Desktop/MSIS_Files/IDD_CNN_inference/idd20k_lite/leftImg8bit/train\162\888262_image.jpg,1
C:/Users/nayak/Desktop/MSIS_Files/IDD_CNN_inference/idd20k_lite/leftImg8bit/train\162\979223_image.jpg,0
C:/Users/nayak/Desktop/MSIS_Files/IDD_CNN_inference/idd20k_lite/leftImg8bit/train\163\098983_image.jpg,1
C:/Users/nayak/Desktop/MSIS_Files/IDD_CNN_inference/idd20k_lite/leftImg8bit/train\163\274338_image.jpg,1
C:/Users/nayak/Desktop/MSIS_Files/IDD_CNN_inference/idd20k_lite/leftImg8bit/train\163\678833_image.jpg,1
C:/Users/nayak/Desktop/MSIS_Files/IDD_CNN_inference/idd20k_lite/leftImg8bit/train\164\514439_image.jpg,1
C:/Users/nayak/Desktop/MSIS_Files/IDD_CNN_inference/idd20k_lite/leftImg8bit/train\164\772246_image.jpg,1
C:/Users/nayak/Desktop/MSIS_Files/IDD_CNN_inference/idd20k_lite/leftImg8bit/train\164\906946_image.jpg,1
C:/Users/nayak/Desktop/MSIS_Files/IDD_CNN_inference/idd20k_lite/leftImg8bit/train\166\627123_image.jpg,1
C:/Users/nayak/Desktop/MSIS_Files/IDD_CNN_inference/idd20k_lite/leftImg8bit/train\166\630773_image.jpg,1
C:/Users/nayak/Desktop/MSIS_Files/IDD_CNN_inference/idd20k_lite/leftImg8bit/train\166\638763_image.jpg,1
C:/Users/nayak/Desktop/MSIS_Files/IDD_CNN_inference/idd20k_lite/leftImg8bit/train\168\174666_image.jpg,1
C:/Users/nayak/Desktop/MSIS_Files/IDD_CNN_inference/idd20k_lite/leftImg8bit/train\168\218225_image.jpg,1
C:/Users/nayak/Desktop/MSIS_Files/IDD_CNN_inference/idd20k_lite/leftImg8bit/train\168\237399_image.jpg,1
C:/Users/nayak/Desktop/MSIS_Files/IDD_CNN_inference/idd20k_lite/leftImg8bit/train\168\511497_image.jpg,1
C:/Users/nayak/Desktop/MSIS_Files/IDD_CNN_inference/idd20k_lite/leftImg8bit/train\168\579123_image.jpg,1
C:/Users/nayak/Desktop/MSIS_Files/IDD_CNN_inference/idd20k_lite/leftImg8bit/train\170\743853_image.jpg,1
C:/Users/nayak/Desktop/MSIS_Files/IDD_CNN_inference/idd20k_lite/leftImg8bit/train\170\899943_image.jpg,1
C:/Users/nayak/Desktop/MSIS_Files/IDD_CNN_inference/idd20k_lite/leftImg8bit/train\170\962933_image.jpg,1
C:/Users/nayak/Desktop/MSIS_Files/IDD_CNN_inference/idd20k_lite/leftImg8bit/train\171\601555_image.jpg,1
C:/Users/nayak/Desktop/MSIS_Files/IDD_CNN_inference/idd20k_lite/leftImg8bit/train\171\607087_image.jpg,1
C:/Users/nayak/Desktop/MSIS_Files/IDD_CNN_inference/idd20k_lite/leftImg8bit/train\171\934211_image.jpg,0
C:/Users/nayak/Desktop/MSIS_Files/IDD_CNN_inference/idd20k_lite/leftImg8bit/train\173\091944_image.jpg,1
C:/Users/nayak/Desktop/MSIS_Files/IDD_CNN_inference/idd20k_lite/leftImg8bit/train\173\246109_image.jpg,1
C:/Users/nayak/Desktop/MSIS_Files/IDD_CNN_inference/idd20k_lite/leftImg8bit/train\173\692692_image.jpg,1
C:/Users/nayak/Desktop/MSIS_Files/IDD_CNN_inference/idd20k_lite/leftImg8bit/train\173\711209_image.jpg,1
C:/Users/nayak/Desktop/MSIS_Files/IDD_CNN_inference/idd20k_lite/leftImg8bit/train\174\046338_image.jpg,0
C:/Users/nayak/Desktop/MSIS_Files/IDD_CNN_inference/idd20k_lite/leftImg8bit/train\174\056653_image.jpg,1
C:/Users/nayak/Desktop/MSIS_Files/IDD_CNN_inference/idd20k_lite/leftImg8bit/train\174\159952_image.jpg,1
C:/Users/nayak/Desktop/MSIS_Files/IDD_CNN_inference/idd20k_lite/leftImg8bit/train\174\472135_image.jpg,1
C:/Users/nayak/Desktop/MSIS_Files/IDD_CNN_inference/idd20k_lite/leftImg8bit/train\174\531264_image.jpg,1
C:/Users/nayak/Desktop/MSIS_Files/IDD_CNN_inference/idd20k_lite/leftImg8bit/train\174\603456_image.jpg,1
C:/Users/nayak/Desktop/MSIS_Files/IDD_CNN_inference/idd20k_lite/leftImg8bit/train\174\917959_image.jpg,1
C:/Users/nayak/Desktop/MSIS_Files/IDD_CNN_inference/idd20k_lite/leftImg8bit/train\174\925386_image.jpg,1
C:/Users/nayak/Desktop/MSIS_Files/IDD_CNN_inference/idd20k_lite/leftImg8bit/train\175\266964_image.jpg,1
C:/Users/nayak/Desktop/MSIS_Files/IDD_CNN_inference/idd20k_lite/leftImg8bit/train\175\733676_image.jpg,1
C:/Users/nayak/Desktop/MSIS_Files/IDD_CNN_inference/idd20k_lite/leftImg8bit/train\175\974291_image.jpg,1
C:/Users/nayak/Desktop/MSIS_Files/IDD_CNN_inference/idd20k_lite/leftImg8bit/train\176\005755_image.jpg,1
C:/Users/nayak/Desktop/MSIS_Files/IDD_CNN_inference/idd20k_lite/leftImg8bit/train\176\006475_image.jpg,1
C:/Users/nayak/Desktop/MSIS_Files/IDD_CNN_inference/idd20k_lite/leftImg8bit/train\176\017628_image.jpg,1
C:/Users/nayak/Desktop/MSIS_Files/IDD_CNN_inference/idd20k_lite/leftImg8bit/train\176\020386_image.jpg,1
C:/Users/nayak/Desktop/MSIS_Files/IDD_CNN_inference/idd20k_lite/leftImg8bit/train\176\021088_image.jpg,1
C:/Users/nayak/Desktop/MSIS_Files/IDD_CNN_inference/idd20k_lite/leftImg8bit/train\176\026118_image.jpg,1
C:/Users/nayak/Desktop/MSIS_Files/IDD_CNN_inference/idd20k_lite/leftImg8bit/train\177\004655_image.jpg,1
C:/Users/nayak/Desktop/MSIS_Files/IDD_CNN_inference/idd20k_lite/leftImg8bit/train\177\013616_image.jpg,1
C:/Users/nayak/Desktop/MSIS_Files/IDD_CNN_inference/idd20k_lite/leftImg8bit/train\177\027279_image.jpg,0
C:/Users/nayak/Desktop/MSIS_Files/IDD_CNN_inference/idd20k_lite/leftImg8bit/train\178\103331_image.jpg,0
C:/Users/nayak/Desktop/MSIS_Files/IDD_CNN_inference/idd20k_lite/leftImg8bit/train\178\105033_image.jpg,0
C:/Users/nayak/Desktop/MSIS_Files/IDD_CNN_inference/idd20k_lite/leftImg8bit/train\178\140567_image.jpg,1
C:/Users/nayak/Desktop/MSIS_Files/IDD_CNN_inference/idd20k_lite/leftImg8bit/train\178\162616_image.jpg,1
C:/Users/nayak/Desktop/MSIS_Files/IDD_CNN_inference/idd20k_lite/leftImg8bit/train\178\331473_image.jpg,1
C:/Users/nayak/Desktop/MSIS_Files/IDD_CNN_inference/idd20k_lite/leftImg8bit/train\178\696836_image.jpg,1
C:/Users/nayak/Desktop/MSIS_Files/IDD_CNN_inference/idd20k_lite/leftImg8bit/train\178\759395_image.jpg,1
C:/Users/nayak/Desktop/MSIS_Files/IDD_CNN_inference/idd20k_lite/leftImg8bit/train\178\873503_image.jpg,1
C:/Users/nayak/Desktop/MSIS_Files/IDD_CNN_inference/idd20k_lite/leftImg8bit/train\2\259377_image.jpg,0
C:/Users/nayak/Desktop/MSIS_Files/IDD_CNN_inference/idd20k_lite/leftImg8bit/train\2\593144_image.jpg,0
C:/Users/nayak/Desktop/MSIS_Files/IDD_CNN_inference/idd20k_lite/leftImg8bit/train\20\001984_image.jpg,1
C:/Users/nayak/Desktop/MSIS_Files/IDD_CNN_inference/idd20k_lite/leftImg8bit/train\20\002071_image.jpg,1
C:/Users/nayak/Desktop/MSIS_Files/IDD_CNN_inference/idd20k_lite/leftImg8bit/train\20\002784_image.jpg,1
C:/Users/nayak/Desktop/MSIS_Files/IDD_CNN_inference/idd20k_lite/leftImg8bit/train\20\003784_image.jpg,1
C:/Users/nayak/Desktop/MSIS_Files/IDD_CNN_inference/idd20k_lite/leftImg8bit/train\20\009997_image.jpg,1
C:/Users/nayak/Desktop/MSIS_Files/IDD_CNN_inference/idd20k_lite/leftImg8bit/train\20\010409_image.jpg,1
C:/Users/nayak/Desktop/MSIS_Files/IDD_CNN_inference/idd20k_lite/leftImg8bit/train\20\012436_image.jpg,1
C:/Users/nayak/Desktop/MSIS_Files/IDD_CNN_inference/idd20k_lite/leftImg8bit/train\20\012541_image.jpg,1
C:/Users/nayak/Desktop/MSIS_Files/IDD_CNN_inference/idd20k_lite/leftImg8bit/train\20\017489_image.jpg,1
C:/Users/nayak/Desktop/MSIS_Files/IDD_CNN_inference/idd20k_lite/leftImg8bit/train\20\022885_image.jpg,1
C:/Users/nayak/Desktop/MSIS_Files/IDD_CNN_inference/idd20k_lite/leftImg8bit/train\20\024533_image.jpg,1
C:/Users/nayak/Desktop/MSIS_Files/IDD_CNN_inference/idd20k_lite/leftImg8bit/train\201\frame2519_image.jpg,1
C:/Users/nayak/Desktop/MSIS_Files/IDD_CNN_inference/idd20k_lite/leftImg8bit/train\203\frame0945_image.jpg,0
C:/Users/nayak/Desktop/MSIS_Files/IDD_CNN_inference/idd20k_lite/leftImg8bit/train\203\frame1975_image.jpg,0
C:/Users/nayak/Desktop/MSIS_Files/IDD_CNN_inference/idd20k_lite/leftImg8bit/train\204\frame10573_image.jpg,0
C:/Users/nayak/Desktop/MSIS_Files/IDD_CNN_inference/idd20k_lite/leftImg8bit/train\204\frame15700_image.jpg,1
C:/Users/nayak/Desktop/MSIS_Files/IDD_CNN_inference/idd20k_lite/leftImg8bit/train\204\frame15891_image.jpg,0
C:/Users/nayak/Desktop/MSIS_Files/IDD_CNN_inference/idd20k_lite/leftImg8bit/train\204\frame4067_image.jpg,1
C:/Users/nayak/Desktop/MSIS_Files/IDD_CNN_inference/idd20k_lite/leftImg8bit/train\204\frame6227_image.jpg,0
C:/Users/nayak/Desktop/MSIS_Files/IDD_CNN_inference/idd20k_lite/leftImg8bit/train\204\frame8297_image.jpg,1
C:/Users/nayak/Desktop/MSIS_Files/IDD_CNN_inference/idd20k_lite/leftImg8bit/train\204\frame8657_image.jpg,1
C:/Users/nayak/Desktop/MSIS_Files/IDD_CNN_inference/idd20k_lite/leftImg8bit/train\206\frame0008_image.jpg,0
C:/Users/nayak/Desktop/MSIS_Files/IDD_CNN_inference/idd20k_lite/leftImg8bit/train\207\frame2680_image.jpg,1
C:/Users/nayak/Desktop/MSIS_Files/IDD_CNN_inference/idd20k_lite/leftImg8bit/train\207\frame7284_image.jpg,0
C:/Users/nayak/Desktop/MSIS_Files/IDD_CNN_inference/idd20k_lite/leftImg8bit/train\209\frame0252_image.jpg,1
C:/Users/nayak/Desktop/MSIS_Files/IDD_CNN_inference/idd20k_lite/leftImg8bit/train\209\frame2692_image.jpg,0
C:/Users/nayak/Desktop/MSIS_Files/IDD_CNN_inference/idd20k_lite/leftImg8bit/train\209\frame8122_image.jpg,1
C:/Users/nayak/Desktop/MSIS_Files/IDD_CNN_inference/idd20k_lite/leftImg8bit/train\209\frame8362_image.jpg,0
C:/Users/nayak/Desktop/MSIS_Files/IDD_CNN_inference/idd20k_lite/leftImg8bit/train\211\frame3288_image.jpg,0
C:/Users/nayak/Desktop/MSIS_Files/IDD_CNN_inference/idd20k_lite/leftImg8bit/train\213\frame24203_image.jpg,0
C:/Users/nayak/Desktop/MSIS_Files/IDD_CNN_inference/idd20k_lite/leftImg8bit/train\213\frame32794_image.jpg,0
C:/Users/nayak/Desktop/MSIS_Files/IDD_CNN_inference/idd20k_lite/leftImg8bit/train\213\frame3809_image.jpg,0
C:/Users/nayak/Desktop/MSIS_Files/IDD_CNN_inference/idd20k_lite/leftImg8bit/train\213\frame39635_image.jpg,0
C:/Users/nayak/Desktop/MSIS_Files/IDD_CNN_inference/idd20k_lite/leftImg8bit/train\213\frame41817_image.jpg,0
C:/Users/nayak/Desktop/MSIS_Files/IDD_CNN_inference/idd20k_lite/leftImg8bit/train\213\frame42771_image.jpg,0
C:/Users/nayak/Desktop/MSIS_Files/IDD_CNN_inference/idd20k_lite/leftImg8bit/train\213\frame45453_image.jpg,0
C:/Users/nayak/Desktop/MSIS_Files/IDD_CNN_inference/idd20k_lite/leftImg8bit/train\213\frame50385_image.jpg,0
C:/Users/nayak/Desktop/MSIS_Files/IDD_CNN_inference/idd20k_lite/leftImg8bit/train\213\frame55703_image.jpg,0
C:/Users/nayak/Desktop/MSIS_Files/IDD_CNN_inference/idd20k_lite/leftImg8bit/train\213\frame57499_image.jpg,0
C:/Users/nayak/Desktop/MSIS_Files/IDD_CNN_inference/idd20k_lite/leftImg8bit/train\216\frame0419_image.jpg,0
C:/Users/nayak/Desktop/MSIS_Files/IDD_CNN_inference/idd20k_lite/leftImg8bit/train\218\frame5725_image.jpg,0
C:/Users/nayak/Desktop/MSIS_Files/IDD_CNN_inference/idd20k_lite/leftImg8bit/train\220\frame0009_image.jpg,0
C:/Users/nayak/Desktop/MSIS_Files/IDD_CNN_inference/idd20k_lite/leftImg8bit/train\223\frame4349_image.jpg,1
C:/Users/nayak/Desktop/MSIS_Files/IDD_CNN_inference/idd20k_lite/leftImg8bit/train\223\frame7444_image.jpg,1
C:/Users/nayak/Desktop/MSIS_Files/IDD_CNN_inference/idd20k_lite/leftImg8bit/train\224\frame3157_image.jpg,0
C:/Users/nayak/Desktop/MSIS_Files/IDD_CNN_inference/idd20k_lite/leftImg8bit/train\225\frame0005_image.jpg,0
C:/Users/nayak/Desktop/MSIS_Files/IDD_CNN_inference/idd20k_lite/leftImg8bit/train\23\061239_image.jpg,1
C:/Users/nayak/Desktop/MSIS_Files/IDD_CNN_inference/idd20k_lite/leftImg8bit/train\23\065223_image.jpg,1
C:/Users/nayak/Desktop/MSIS_Files/IDD_CNN_inference/idd20k_lite/leftImg8bit/train\23\396198_image.jpg,1
C:/Users/nayak/Desktop/MSIS_Files/IDD_CNN_inference/idd20k_lite/leftImg8bit/train\23\528598_image.jpg,0
C:/Users/nayak/Desktop/MSIS_Files/IDD_CNN_inference/idd20k_lite/leftImg8bit/train\23\533768_image.jpg,0
C:/Users/nayak/Desktop/MSIS_Files/IDD_CNN_inference/idd20k_lite/leftImg8bit/train\23\592149_image.jpg,0
C:/Users/nayak/Desktop/MSIS_Files/IDD_CNN_inference/idd20k_lite/leftImg8bit/train\23\594781_image.jpg,1
C:/Users/nayak/Desktop/MSIS_Files/IDD_CNN_inference/idd20k_lite/leftImg8bit/train\23\824708_image.jpg,1
C:/Users/nayak/Desktop/MSIS_Files/IDD_CNN_inference/idd20k_lite/leftImg8bit/train\23\871675_image.jpg,0
C:/Users/nayak/Desktop/MSIS_Files/IDD_CNN_inference/idd20k_lite/leftImg8bit/train\23\928063_image.jpg,1
C:/Users/nayak/Desktop/MSIS_Files/IDD_CNN_inference/idd20k_lite/leftImg8bit/train\230\frame10278_image.jpg,0
C:/Users/nayak/Desktop/MSIS_Files/IDD_CNN_inference/idd20k_lite/leftImg8bit/train\230\frame15457_image.jpg,1
C:/Users/nayak/Desktop/MSIS_Files/IDD_CNN_inference/idd20k_lite/leftImg8bit/train\230\frame2075_image.jpg,0
C:/Users/nayak/Desktop/MSIS_Files/IDD_CNN_inference/idd20k_lite/leftImg8bit/train\230\frame22282_image.jpg,1
C:/Users/nayak/Desktop/MSIS_Files/IDD_CNN_inference/idd20k_lite/leftImg8bit/train\230\frame5258_image.jpg,1
C:/Users/nayak/Desktop/MSIS_Files/IDD_CNN_inference/idd20k_lite/leftImg8bit/train\230\frame62989_image.jpg,1
C:/Users/nayak/Desktop/MSIS_Files/IDD_CNN_inference/idd20k_lite/leftImg8bit/train\230\frame66316_image.jpg,1
C:/Users/nayak/Desktop/MSIS_Files/IDD_CNN_inference/idd20k_lite/leftImg8bit/train\230\frame80370_image.jpg,1
C:/Users/nayak/Desktop/MSIS_Files/IDD_CNN_inference/idd20k_lite/leftImg8bit/train\230\frame92404_image.jpg,1
C:/Users/nayak/Desktop/MSIS_Files/IDD_CNN_inference/idd20k_lite/leftImg8bit/train\231\frame11708_image.jpg,0
C:/Users/nayak/Desktop/MSIS_Files/IDD_CNN_inference/idd20k_lite/leftImg8bit/train\235\frame11618_image.jpg,1
C:/Users/nayak/Desktop/MSIS_Files/IDD_CNN_inference/idd20k_lite/leftImg8bit/train\235\frame6691_image.jpg,0
C:/Users/nayak/Desktop/MSIS_Files/IDD_CNN_inference/idd20k_lite/leftImg8bit/train\235\frame7116_image.jpg,1
C:/Users/nayak/Desktop/MSIS_Files/IDD_CNN_inference/idd20k_lite/leftImg8bit/train\235\frame9445_image.jpg,0
C:/Users/nayak/Desktop/MSIS_Files/IDD_CNN_inference/idd20k_lite/leftImg8bit/train\235\frame9991_image.jpg,1
C:/Users/nayak/Desktop/MSIS_Files/IDD_CNN_inference/idd20k_lite/leftImg8bit/train\236\frame33308_image.jpg,1
C:/Users/nayak/Desktop/MSIS_Files/IDD_CNN_inference/idd20k_lite/leftImg8bit/train\236\frame38217_image.jpg,1
C:/Users/nayak/Desktop/MSIS_Files/IDD_CNN_inference/idd20k_lite/leftImg8bit/train\236\frame41599_image.jpg,1
C:/Users/nayak/Desktop/MSIS_Files/IDD_CNN_inference/idd20k_lite/leftImg8bit/train\237\frame0524_image.jpg,1
C:/Users/nayak/Desktop/MSIS_Files/IDD_CNN_inference/idd20k_lite/leftImg8bit/train\237\frame0724_image.jpg,1
C:/Users/nayak/Desktop/MSIS_Files/IDD_CNN_inference/idd20k_lite/leftImg8bit/train\237\frame10158_image.jpg,1
C:/Users/nayak/Desktop/MSIS_Files/IDD_CNN_inference/idd20k_lite/leftImg8bit/train\237\frame10612_image.jpg,1
C:/Users/nayak/Desktop/MSIS_Files/IDD_CNN_inference/idd20k_lite/leftImg8bit/train\237\frame2459_image.jpg,1
C:/Users/nayak/Desktop/MSIS_Files/IDD_CNN_inference/idd20k_lite/leftImg8bit/train\237\frame50612_image.jpg,1
C:/Users/nayak/Desktop/MSIS_Files/IDD_CNN_inference/idd20k_lite/leftImg8bit/train\237\frame5184_image.jpg,1
C:/Users/nayak/Desktop/MSIS_Files/IDD_CNN_inference/idd20k_lite/leftImg8bit/train\237\frame53249_image.jpg,1
C:/Users/nayak/Desktop/MSIS_Files/IDD_CNN_inference/idd20k_lite/leftImg8bit/train\237\frame5584_image.jpg,1
C:/Users/nayak/Desktop/MSIS_Files/IDD_CNN_inference/idd20k_lite/leftImg8bit/train\237\frame60408_image.jpg,1
C:/Users/nayak/Desktop/MSIS_Files/IDD_CNN_inference/idd20k_lite/leftImg8bit/train\237\frame6434_image.jpg,1
C:/Users/nayak/Desktop/MSIS_Files/IDD_CNN_inference/idd20k_lite/leftImg8bit/train\237\frame64408_image.jpg,1
C:/Users/nayak/Desktop/MSIS_Files/IDD_CNN_inference/idd20k_lite/leftImg8bit/train\237\frame67544_image.jpg,1
C:/Users/nayak/Desktop/MSIS_Files/IDD_CNN_inference/idd20k_lite/leftImg8bit/train\237\frame71226_image.jpg,1
C:/Users/nayak/Desktop/MSIS_Files/IDD_CNN_inference/idd20k_lite/leftImg8bit/train\237\frame73453_image.jpg,1
C:/Users/nayak/Desktop/MSIS_Files/IDD_CNN_inference/idd20k_lite/leftImg8bit/train\237\frame7434_image.jpg,1
C:/Users/nayak/Desktop/MSIS_Files/IDD_CNN_inference/idd20k_lite/leftImg8bit/train\238\frame0009_image.jpg,0
C:/Users/nayak/Desktop/MSIS_Files/IDD_CNN_inference/idd20k_lite/leftImg8bit/train\243\frame0719_image.jpg,1
C:/Users/nayak/Desktop/MSIS_Files/IDD_CNN_inference/idd20k_lite/leftImg8bit/train\243\frame2999_image.jpg,1
C:/Users/nayak/Desktop/MSIS_Files/IDD_CNN_inference/idd20k_lite/leftImg8bit/train\243\frame6989_image.jpg,1
C:/Users/nayak/Desktop/MSIS_Files/IDD_CNN_inference/idd20k_lite/leftImg8bit/train\245\frame2639_image.jpg,1
C:/Users/nayak/Desktop/MSIS_Files/IDD_CNN_inference/idd20k_lite/leftImg8bit/train\247\frame3599_image.jpg,1
C:/Users/nayak/Desktop/MSIS_Files/IDD_CNN_inference/idd20k_lite/leftImg8bit/train\248\frame0599_image.jpg,0
C:/Users/nayak/Desktop/MSIS_Files/IDD_CNN_inference/idd20k_lite/leftImg8bit/train\25\196883_image.jpg,1
C:/Users/nayak/Desktop/MSIS_Files/IDD_CNN_inference/idd20k_lite/leftImg8bit/train\25\265197_image.jpg,1
C:/Users/nayak/Desktop/MSIS_Files/IDD_CNN_inference/idd20k_lite/leftImg8bit/train\25\318385_image.jpg,1
C:/Users/nayak/Desktop/MSIS_Files/IDD_CNN_inference/idd20k_lite/leftImg8bit/train\25\649600_image.jpg,1
C:/Users/nayak/Desktop/MSIS_Files/IDD_CNN_inference/idd20k_lite/leftImg8bit/train\250\frame1618_image.jpg,0
C:/Users/nayak/Desktop/MSIS_Files/IDD_CNN_inference/idd20k_lite/leftImg8bit/train\250\frame3527_image.jpg,0
C:/Users/nayak/Desktop/MSIS_Files/IDD_CNN_inference/idd20k_lite/leftImg8bit/train\250\frame4574_image.jpg,1
C:/Users/nayak/Desktop/MSIS_Files/IDD_CNN_inference/idd20k_lite/leftImg8bit/train\252\frame0367_image.jpg,0
C:/Users/nayak/Desktop/MSIS_Files/IDD_CNN_inference/idd20k_lite/leftImg8bit/train\252\frame0648_image.jpg,0
C:/Users/nayak/Desktop/MSIS_Files/IDD_CNN_inference/idd20k_lite/leftImg8bit/train\252\frame11406_image.jpg,0
C:/Users/nayak/Desktop/MSIS_Files/IDD_CNN_inference/idd20k_lite/leftImg8bit/train\252\frame16210_image.jpg,0
C:/Users/nayak/Desktop/MSIS_Files/IDD_CNN_inference/idd20k_lite/leftImg8bit/train\252\frame16388_image.jpg,0
C:/Users/nayak/Desktop/MSIS_Files/IDD_CNN_inference/idd20k_lite/leftImg8bit/train\252\frame17423_image.jpg,0
C:/Users/nayak/Desktop/MSIS_Files/IDD_CNN_inference/idd20k_lite/leftImg8bit/train\252\frame18009_image.jpg,1
C:/Users/nayak/Desktop/MSIS_Files/IDD_CNN_inference/idd20k_lite/leftImg8bit/train\252\frame18703_image.jpg,1
C:/Users/nayak/Desktop/MSIS_Files/IDD_CNN_inference/idd20k_lite/leftImg8bit/train\252\frame19794_image.jpg,1
C:/Users/nayak/Desktop/MSIS_Files/IDD_CNN_inference/idd20k_lite/leftImg8bit/train\252\frame27244_image.jpg,1
C:/Users/nayak/Desktop/MSIS_Files/IDD_CNN_inference/idd20k_lite/leftImg8bit/train\252\frame27442_image.jpg,1
C:/Users/nayak/Desktop/MSIS_Files/IDD_CNN_inference/idd20k_lite/leftImg8bit/train\252\frame4384_image.jpg,0
C:/Users/nayak/Desktop/MSIS_Files/IDD_CNN_inference/idd20k_lite/leftImg8bit/train\252\frame5266_image.jpg,0
C:/Users/nayak/Desktop/MSIS_Files/IDD_CNN_inference/idd20k_lite/leftImg8bit/train\252\frame5924_image.jpg,0
C:/Users/nayak/Desktop/MSIS_Files/IDD_CNN_inference/idd20k_lite/leftImg8bit/train\252\frame6386_image.jpg,0
C:/Users/nayak/Desktop/MSIS_Files/IDD_CNN_inference/idd20k_lite/leftImg8bit/train\252\frame8914_image.jpg,0
C:/Users/nayak/Desktop/MSIS_Files/IDD_CNN_inference/idd20k_lite/leftImg8bit/train\257\frame0119_image.jpg,0
C:/Users/nayak/Desktop/MSIS_Files/IDD_CNN_inference/idd20k_lite/leftImg8bit/train\258\frame1685_image.jpg,0
C:/Users/nayak/Desktop/MSIS_Files/IDD_CNN_inference/idd20k_lite/leftImg8bit/train\26\699848_image.jpg,0
C:/Users/nayak/Desktop/MSIS_Files/IDD_CNN_inference/idd20k_lite/leftImg8bit/train\260\frame0390_image.jpg,1
C:/Users/nayak/Desktop/MSIS_Files/IDD_CNN_inference/idd20k_lite/leftImg8bit/train\261\frame4559_image.jpg,0
C:/Users/nayak/Desktop/MSIS_Files/IDD_CNN_inference/idd20k_lite/leftImg8bit/train\261\frame6749_image.jpg,0
C:/Users/nayak/Desktop/MSIS_Files/IDD_CNN_inference/idd20k_lite/leftImg8bit/train\261\frame7859_image.jpg,0
C:/Users/nayak/Desktop/MSIS_Files/IDD_CNN_inference/idd20k_lite/leftImg8bit/train\261\frame8729_image.jpg,0
C:/Users/nayak/Desktop/MSIS_Files/IDD_CNN_inference/idd20k_lite/leftImg8bit/train\262\frame1373_image.jpg,0
C:/Users/nayak/Desktop/MSIS_Files/IDD_CNN_inference/idd20k_lite/leftImg8bit/train\263\frame13922_image.jpg,0
C:/Users/nayak/Desktop/MSIS_Files/IDD_CNN_inference/idd20k_lite/leftImg8bit/train\263\frame24052_image.jpg,1
C:/Users/nayak/Desktop/MSIS_Files/IDD_CNN_inference/idd20k_lite/leftImg8bit/train\263\frame27171_image.jpg,0
C:/Users/nayak/Desktop/MSIS_Files/IDD_CNN_inference/idd20k_lite/leftImg8bit/train\263\frame67567_image.jpg,1
C:/Users/nayak/Desktop/MSIS_Files/IDD_CNN_inference/idd20k_lite/leftImg8bit/train\263\frame73204_image.jpg,1
C:/Users/nayak/Desktop/MSIS_Files/IDD_CNN_inference/idd20k_lite/leftImg8bit/train\265\frame2282_image.jpg,0
C:/Users/nayak/Desktop/MSIS_Files/IDD_CNN_inference/idd20k_lite/leftImg8bit/train\266\frame11108_image.jpg,1
C:/Users/nayak/Desktop/MSIS_Files/IDD_CNN_inference/idd20k_lite/leftImg8bit/train\266\frame11653_image.jpg,1
C:/Users/nayak/Desktop/MSIS_Files/IDD_CNN_inference/idd20k_lite/leftImg8bit/train\266\frame11844_image.jpg,1
C:/Users/nayak/Desktop/MSIS_Files/IDD_CNN_inference/idd20k_lite/leftImg8bit/train\266\frame5798_image.jpg,0
C:/Users/nayak/Desktop/MSIS_Files/IDD_CNN_inference/idd20k_lite/leftImg8bit/train\266\frame8978_image.jpg,0
C:/Users/nayak/Desktop/MSIS_Files/IDD_CNN_inference/idd20k_lite/leftImg8bit/train\266\frame9218_image.jpg,1
C:/Users/nayak/Desktop/MSIS_Files/IDD_CNN_inference/idd20k_lite/leftImg8bit/train\267\frame2613_image.jpg,0
C:/Users/nayak/Desktop/MSIS_Files/IDD_CNN_inference/idd20k_lite/leftImg8bit/train\267\frame3513_image.jpg,0
C:/Users/nayak/Desktop/MSIS_Files/IDD_CNN_inference/idd20k_lite/leftImg8bit/train\268\frame17078_image.jpg,0
C:/Users/nayak/Desktop/MSIS_Files/IDD_CNN_inference/idd20k_lite/leftImg8bit/train\268\frame20289_image.jpg,0
C:/Users/nayak/Desktop/MSIS_Files/IDD_CNN_inference/idd20k_lite/leftImg8bit/train\268\frame23262_image.jpg,1
C:/Users/nayak/Desktop/MSIS_Files/IDD_CNN_inference/idd20k_lite/leftImg8bit/train\268\frame24568_image.jpg,0
C:/Users/nayak/Desktop/MSIS_Files/IDD_CNN_inference/idd20k_lite/leftImg8bit/train\268\frame34536_image.jpg,0
C:/Users/nayak/Desktop/MSIS_Files/IDD_CNN_inference/idd20k_lite/leftImg8bit/train\268\frame5844_image.jpg,0
C:/Users/nayak/Desktop/MSIS_Files/IDD_CNN_inference/idd20k_lite/leftImg8bit/train\268\frame8624_image.jpg,0
C:/Users/nayak/Desktop/MSIS_Files/IDD_CNN_inference/idd20k_lite/leftImg8bit/train\269\frame1799_image.jpg,0
C:/Users/nayak/Desktop/MSIS_Files/IDD_CNN_inference/idd20k_lite/leftImg8bit/train\273\frame0014_image.jpg,0
C:/Users/nayak/Desktop/MSIS_Files/IDD_CNN_inference/idd20k_lite/leftImg8bit/train\275\frame0260_image.jpg,1
C:/Users/nayak/Desktop/MSIS_Files/IDD_CNN_inference/idd20k_lite/leftImg8bit/train\275\frame11408_image.jpg,1
C:/Users/nayak/Desktop/MSIS_Files/IDD_CNN_inference/idd20k_lite/leftImg8bit/train\275\frame11672_image.jpg,1
C:/Users/nayak/Desktop/MSIS_Files/IDD_CNN_inference/idd20k_lite/leftImg8bit/train\275\frame12027_image.jpg,1
C:/Users/nayak/Desktop/MSIS_Files/IDD_CNN_inference/idd20k_lite/leftImg8bit/train\275\frame13118_image.jpg,1
C:/Users/nayak/Desktop/MSIS_Files/IDD_CNN_inference/idd20k_lite/leftImg8bit/train\275\frame16745_image.jpg,1
C:/Users/nayak/Desktop/MSIS_Files/IDD_CNN_inference/idd20k_lite/leftImg8bit/train\275\frame16917_image.jpg,1
C:/Users/nayak/Desktop/MSIS_Files/IDD_CNN_inference/idd20k_lite/leftImg8bit/train\275\frame17045_image.jpg,1
C:/Users/nayak/Desktop/MSIS_Files/IDD_CNN_inference/idd20k_lite/leftImg8bit/train\275\frame18553_image.jpg,1
C:/Users/nayak/Desktop/MSIS_Files/IDD_CNN_inference/idd20k_lite/leftImg8bit/train\275\frame18954_image.jpg,1
C:/Users/nayak/Desktop/MSIS_Files/IDD_CNN_inference/idd20k_lite/leftImg8bit/train\275\frame2451_image.jpg,1
C:/Users/nayak/Desktop/MSIS_Files/IDD_CNN_inference/idd20k_lite/leftImg8bit/train\275\frame7320_image.jpg,1
C:/Users/nayak/Desktop/MSIS_Files/IDD_CNN_inference/idd20k_lite/leftImg8bit/train\277\frame17299_image.jpg,1
C:/Users/nayak/Desktop/MSIS_Files/IDD_CNN_inference/idd20k_lite/leftImg8bit/train\277\frame18280_image.jpg,0
C:/Users/nayak/Desktop/MSIS_Files/IDD_CNN_inference/idd20k_lite/leftImg8bit/train\277\frame19180_image.jpg,0
C:/Users/nayak/Desktop/MSIS_Files/IDD_CNN_inference/idd20k_lite/leftImg8bit/train\277\frame21717_image.jpg,0
C:/Users/nayak/Desktop/MSIS_Files/IDD_CNN_inference/idd20k_lite/leftImg8bit/train\277\frame3254_image.jpg,0
C:/Users/nayak/Desktop/MSIS_Files/IDD_CNN_inference/idd20k_lite/leftImg8bit/train\277\frame3974_image.jpg,0
C:/Users/nayak/Desktop/MSIS_Files/IDD_CNN_inference/idd20k_lite/leftImg8bit/train\277\frame8084_image.jpg,0
C:/Users/nayak/Desktop/MSIS_Files/IDD_CNN_inference/idd20k_lite/leftImg8bit/train\28\010201_image.jpg,1
C:/Users/nayak/Desktop/MSIS_Files/IDD_CNN_inference/idd20k_lite/leftImg8bit/train\28\010441_image.jpg,1
C:/Users/nayak/Desktop/MSIS_Files/IDD_CNN_inference/idd20k_lite/leftImg8bit/train\28\010471_image.jpg,1
C:/Users/nayak/Desktop/MSIS_Files/IDD_CNN_inference/idd20k_lite/leftImg8bit/train\28\021987_image.jpg,1
C:/Users/nayak/Desktop/MSIS_Files/IDD_CNN_inference/idd20k_lite/leftImg8bit/train\28\023487_image.jpg,0
C:/Users/nayak/Desktop/MSIS_Files/IDD_CNN_inference/idd20k_lite/leftImg8bit/train\28\024087_image.jpg,0
C:/Users/nayak/Desktop/MSIS_Files/IDD_CNN_inference/idd20k_lite/leftImg8bit/train\28\026787_image.jpg,1
C:/Users/nayak/Desktop/MSIS_Files/IDD_CNN_inference/idd20k_lite/leftImg8bit/train\280\frame1249_image.jpg,1
C:/Users/nayak/Desktop/MSIS_Files/IDD_CNN_inference/idd20k_lite/leftImg8bit/train\280\frame4424_image.jpg,1
C:/Users/nayak/Desktop/MSIS_Files/IDD_CNN_inference/idd20k_lite/leftImg8bit/train\282\frame2759_image.jpg,0
C:/Users/nayak/Desktop/MSIS_Files/IDD_CNN_inference/idd20k_lite/leftImg8bit/train\282\frame6389_image.jpg,0
C:/Users/nayak/Desktop/MSIS_Files/IDD_CNN_inference/idd20k_lite/leftImg8bit/train\282\frame8189_image.jpg,0
C:/Users/nayak/Desktop/MSIS_Files/IDD_CNN_inference/idd20k_lite/leftImg8bit/train\282\frame8219_image.jpg,1
C:/Users/nayak/Desktop/MSIS_Files/IDD_CNN_inference/idd20k_lite/leftImg8bit/train\283\frame3164_image.jpg,0
C:/Users/nayak/Desktop/MSIS_Files/IDD_CNN_inference/idd20k_lite/leftImg8bit/train\283\frame3220_image.jpg,0
C:/Users/nayak/Desktop/MSIS_Files/IDD_CNN_inference/idd20k_lite/leftImg8bit/train\283\frame3302_image.jpg,0
C:/Users/nayak/Desktop/MSIS_Files/IDD_CNN_inference/idd20k_lite/leftImg8bit/train\283\frame3777_image.jpg,0
C:/Users/nayak/Desktop/MSIS_Files/IDD_CNN_inference/idd20k_lite/leftImg8bit/train\283\frame6135_image.jpg,0
C:/Users/nayak/Desktop/MSIS_Files/IDD_CNN_inference/idd20k_lite/leftImg8bit/train\283\frame7043_image.jpg,0
C:/Users/nayak/Desktop/MSIS_Files/IDD_CNN_inference/idd20k_lite/leftImg8bit/train\285\frame0014_image.jpg,0
C:/Users/nayak/Desktop/MSIS_Files/IDD_CNN_inference/idd20k_lite/leftImg8bit/train\288\frame16235_image.jpg,1
C:/Users/nayak/Desktop/MSIS_Files/IDD_CNN_inference/idd20k_lite/leftImg8bit/train\288\frame25244_image.jpg,0
C:/Users/nayak/Desktop/MSIS_Files/IDD_CNN_inference/idd20k_lite/leftImg8bit/train\288\frame25317_image.jpg,0
C:/Users/nayak/Desktop/MSIS_Files/IDD_CNN_inference/idd20k_lite/leftImg8bit/train\288\frame35392_image.jpg,0
C:/Users/nayak/Desktop/MSIS_Files/IDD_CNN_inference/idd20k_lite/leftImg8bit/train\29\193831_image.jpg,1
C:/Users/nayak/Desktop/MSIS_Files/IDD_CNN_inference/idd20k_lite/leftImg8bit/train\29\253731_image.jpg,1
C:/Users/nayak/Desktop/MSIS_Files/IDD_CNN_inference/idd20k_lite/leftImg8bit/train\29\394470_image.jpg,1
C:/Users/nayak/Desktop/MSIS_Files/IDD_CNN_inference/idd20k_lite/leftImg8bit/train\29\405836_image.jpg,0
C:/Users/nayak/Desktop/MSIS_Files/IDD_CNN_inference/idd20k_lite/leftImg8bit/train\29\840776_image.jpg,1
C:/Users/nayak/Desktop/MSIS_Files/IDD_CNN_inference/idd20k_lite/leftImg8bit/train\29\880526_image.jpg,1
C:/Users/nayak/Desktop/MSIS_Files/IDD_CNN_inference/idd20k_lite/leftImg8bit/train\29\940769_image.jpg,0
C:/Users/nayak/Desktop/MSIS_Files/IDD_CNN_inference/idd20k_lite/leftImg8bit/train\29\972458_image.jpg,1
C:/Users/nayak/Desktop/MSIS_Files/IDD_CNN_inference/idd20k_lite/leftImg8bit/train\293\frame10488_image.jpg,1
C:/Users/nayak/Desktop/MSIS_Files/IDD_CNN_inference/idd20k_lite/leftImg8bit/train\295\frame1119_image.jpg,1
C:/Users/nayak/Desktop/MSIS_Files/IDD_CNN_inference/idd20k_lite/leftImg8bit/train\295\frame22324_image.jpg,1
C:/Users/nayak/Desktop/MSIS_Files/IDD_CNN_inference/idd20k_lite/leftImg8bit/train\295\frame22543_image.jpg,0
C:/Users/nayak/Desktop/MSIS_Files/IDD_CNN_inference/idd20k_lite/leftImg8bit/train\298\frame1305_image.jpg,0
C:/Users/nayak/Desktop/MSIS_Files/IDD_CNN_inference/idd20k_lite/leftImg8bit/train\299\frame0419_image.jpg,1
C:/Users/nayak/Desktop/MSIS_Files/IDD_CNN_inference/idd20k_lite/leftImg8bit/train\30\067149_image.jpg,1
C:/Users/nayak/Desktop/MSIS_Files/IDD_CNN_inference/idd20k_lite/leftImg8bit/train\30\076428_image.jpg,1
C:/Users/nayak/Desktop/MSIS_Files/IDD_CNN_inference/idd20k_lite/leftImg8bit/train\30\364999_image.jpg,1
C:/Users/nayak/Desktop/MSIS_Files/IDD_CNN_inference/idd20k_lite/leftImg8bit/train\30\746375_image.jpg,1
C:/Users/nayak/Desktop/MSIS_Files/IDD_CNN_inference/idd20k_lite/leftImg8bit/train\30\844914_image.jpg,0
C:/Users/nayak/Desktop/MSIS_Files/IDD_CNN_inference/idd20k_lite/leftImg8bit/train\301\frame0659_image.jpg,1
C:/Users/nayak/Desktop/MSIS_Files/IDD_CNN_inference/idd20k_lite/leftImg8bit/train\302\frame12944_image.jpg,1
C:/Users/nayak/Desktop/MSIS_Files/IDD_CNN_inference/idd20k_lite/leftImg8bit/train\302\frame14615_image.jpg,1
C:/Users/nayak/Desktop/MSIS_Files/IDD_CNN_inference/idd20k_lite/leftImg8bit/train\302\frame14638_image.jpg,1
C:/Users/nayak/Desktop/MSIS_Files/IDD_CNN_inference/idd20k_lite/leftImg8bit/train\302\frame14670_image.jpg,1
C:/Users/nayak/Desktop/MSIS_Files/IDD_CNN_inference/idd20k_lite/leftImg8bit/train\302\frame14973_image.jpg,1
C:/Users/nayak/Desktop/MSIS_Files/IDD_CNN_inference/idd20k_lite/leftImg8bit/train\302\frame4516_image.jpg,1
C:/Users/nayak/Desktop/MSIS_Files/IDD_CNN_inference/idd20k_lite/leftImg8bit/train\302\frame4672_image.jpg,1
C:/Users/nayak/Desktop/MSIS_Files/IDD_CNN_inference/idd20k_lite/leftImg8bit/train\303\frame4259_image.jpg,0
C:/Users/nayak/Desktop/MSIS_Files/IDD_CNN_inference/idd20k_lite/leftImg8bit/train\306\frame2351_image.jpg,1
C:/Users/nayak/Desktop/MSIS_Files/IDD_CNN_inference/idd20k_lite/leftImg8bit/train\306\frame3347_image.jpg,1
C:/Users/nayak/Desktop/MSIS_Files/IDD_CNN_inference/idd20k_lite/leftImg8bit/train\306\frame4703_image.jpg,1
C:/Users/nayak/Desktop/MSIS_Files/IDD_CNN_inference/idd20k_lite/leftImg8bit/train\306\frame4849_image.jpg,0
C:/Users/nayak/Desktop/MSIS_Files/IDD_CNN_inference/idd20k_lite/leftImg8bit/train\306\frame6330_image.jpg,0
C:/Users/nayak/Desktop/MSIS_Files/IDD_CNN_inference/idd20k_lite/leftImg8bit/train\308\frame1731_image.jpg,1
C:/Users/nayak/Desktop/MSIS_Files/IDD_CNN_inference/idd20k_lite/leftImg8bit/train\31\519533_image.jpg,1
C:/Users/nayak/Desktop/MSIS_Files/IDD_CNN_inference/idd20k_lite/leftImg8bit/train\31\538255_image.jpg,0
C:/Users/nayak/Desktop/MSIS_Files/IDD_CNN_inference/idd20k_lite/leftImg8bit/train\31\539257_image.jpg,0
C:/Users/nayak/Desktop/MSIS_Files/IDD_CNN_inference/idd20k_lite/leftImg8bit/train\31\547158_image.jpg,1
C:/Users/nayak/Desktop/MSIS_Files/IDD_CNN_inference/idd20k_lite/leftImg8bit/train\31\791207_image.jpg,1
C:/Users/nayak/Desktop/MSIS_Files/IDD_CNN_inference/idd20k_lite/leftImg8bit/train\31\903264_image.jpg,1
C:/Users/nayak/Desktop/MSIS_Files/IDD_CNN_inference/idd20k_lite/leftImg8bit/train\310\frame0231_image.jpg,0
C:/Users/nayak/Desktop/MSIS_Files/IDD_CNN_inference/idd20k_lite/leftImg8bit/train\311\frame2189_image.jpg,1
C:/Users/nayak/Desktop/MSIS_Files/IDD_CNN_inference/idd20k_lite/leftImg8bit/train\311\frame4439_image.jpg,0
C:/Users/nayak/Desktop/MSIS_Files/IDD_CNN_inference/idd20k_lite/leftImg8bit/train\312\frame2227_image.jpg,1
C:/Users/nayak/Desktop/MSIS_Files/IDD_CNN_inference/idd20k_lite/leftImg8bit/train\312\frame71565_image.jpg,1
C:/Users/nayak/Desktop/MSIS_Files/IDD_CNN_inference/idd20k_lite/leftImg8bit/train\312\frame72406_image.jpg,1
C:/Users/nayak/Desktop/MSIS_Files/IDD_CNN_inference/idd20k_lite/leftImg8bit/train\312\frame72865_image.jpg,1
C:/Users/nayak/Desktop/MSIS_Files/IDD_CNN_inference/idd20k_lite/leftImg8bit/train\312\frame74072_image.jpg,1
C:/Users/nayak/Desktop/MSIS_Files/IDD_CNN_inference/idd20k_lite/leftImg8bit/train\312\frame75598_image.jpg,1
C:/Users/nayak/Desktop/MSIS_Files/IDD_CNN_inference/idd20k_lite/leftImg8bit/train\312\frame75707_image.jpg,1
C:/Users/nayak/Desktop/MSIS_Files/IDD_CNN_inference/idd20k_lite/leftImg8bit/train\312\frame78182_image.jpg,1
C:/Users/nayak/Desktop/MSIS_Files/IDD_CNN_inference/idd20k_lite/leftImg8bit/train\314\frame11408_image.jpg,0
C:/Users/nayak/Desktop/MSIS_Files/IDD_CNN_inference/idd20k_lite/leftImg8bit/train\314\frame11832_image.jpg,1
C:/Users/nayak/Desktop/MSIS_Files/IDD_CNN_inference/idd20k_lite/leftImg8bit/train\314\frame12817_image.jpg,1
C:/Users/nayak/Desktop/MSIS_Files/IDD_CNN_inference/idd20k_lite/leftImg8bit/train\314\frame1456_image.jpg,0
C:/Users/nayak/Desktop/MSIS_Files/IDD_CNN_inference/idd20k_lite/leftImg8bit/train\314\frame14862_image.jpg,0
C:/Users/nayak/Desktop/MSIS_Files/IDD_CNN_inference/idd20k_lite/leftImg8bit/train\314\frame21226_image.jpg,1
C:/Users/nayak/Desktop/MSIS_Files/IDD_CNN_inference/idd20k_lite/leftImg8bit/train\314\frame24408_image.jpg,1
C:/Users/nayak/Desktop/MSIS_Files/IDD_CNN_inference/idd20k_lite/leftImg8bit/train\314\frame4366_image.jpg,1
C:/Users/nayak/Desktop/MSIS_Files/IDD_CNN_inference/idd20k_lite/leftImg8bit/train\314\frame7366_image.jpg,1
C:/Users/nayak/Desktop/MSIS_Files/IDD_CNN_inference/idd20k_lite/leftImg8bit/train\315\frame4876_image.jpg,1
C:/Users/nayak/Desktop/MSIS_Files/IDD_CNN_inference/idd20k_lite/leftImg8bit/train\316\frame11820_image.jpg,1
C:/Users/nayak/Desktop/MSIS_Files/IDD_CNN_inference/idd20k_lite/leftImg8bit/train\316\frame12094_image.jpg,1
C:/Users/nayak/Desktop/MSIS_Files/IDD_CNN_inference/idd20k_lite/leftImg8bit/train\316\frame20123_image.jpg,1
C:/Users/nayak/Desktop/MSIS_Files/IDD_CNN_inference/idd20k_lite/leftImg8bit/train\316\frame23904_image.jpg,1
C:/Users/nayak/Desktop/MSIS_Files/IDD_CNN_inference/idd20k_lite/leftImg8bit/train\316\frame3750_image.jpg,0
C:/Users/nayak/Desktop/MSIS_Files/IDD_CNN_inference/idd20k_lite/leftImg8bit/train\317\frame1340_image.jpg,1
C:/Users/nayak/Desktop/MSIS_Files/IDD_CNN_inference/idd20k_lite/leftImg8bit/train\32\194242_image.jpg,1
C:/Users/nayak/Desktop/MSIS_Files/IDD_CNN_inference/idd20k_lite/leftImg8bit/train\32\328901_image.jpg,0
C:/Users/nayak/Desktop/MSIS_Files/IDD_CNN_inference/idd20k_lite/leftImg8bit/train\32\359279_image.jpg,0
C:/Users/nayak/Desktop/MSIS_Files/IDD_CNN_inference/idd20k_lite/leftImg8bit/train\32\512106_image.jpg,1
C:/Users/nayak/Desktop/MSIS_Files/IDD_CNN_inference/idd20k_lite/leftImg8bit/train\32\523103_image.jpg,1
C:/Users/nayak/Desktop/MSIS_Files/IDD_CNN_inference/idd20k_lite/leftImg8bit/train\32\652073_image.jpg,1
C:/Users/nayak/Desktop/MSIS_Files/IDD_CNN_inference/idd20k_lite/leftImg8bit/train\32\721205_image.jpg,1
C:/Users/nayak/Desktop/MSIS_Files/IDD_CNN_inference/idd20k_lite/leftImg8bit/train\320\frame10822_image.jpg,1
C:/Users/nayak/Desktop/MSIS_Files/IDD_CNN_inference/idd20k_lite/leftImg8bit/train\320\frame11095_image.jpg,1
C:/Users/nayak/Desktop/MSIS_Files/IDD_CNN_inference/idd20k_lite/leftImg8bit/train\320\frame17968_image.jpg,1
C:/Users/nayak/Desktop/MSIS_Files/IDD_CNN_inference/idd20k_lite/leftImg8bit/train\320\frame2015_image.jpg,1
C:/Users/nayak/Desktop/MSIS_Files/IDD_CNN_inference/idd20k_lite/leftImg8bit/train\320\frame2529_image.jpg,1
C:/Users/nayak/Desktop/MSIS_Files/IDD_CNN_inference/idd20k_lite/leftImg8bit/train\320\frame7479_image.jpg,1
C:/Users/nayak/Desktop/MSIS_Files/IDD_CNN_inference/idd20k_lite/leftImg8bit/train\320\frame9249_image.jpg,1
C:/Users/nayak/Desktop/MSIS_Files/IDD_CNN_inference/idd20k_lite/leftImg8bit/train\321\frame0682_image.jpg,1
C:/Users/nayak/Desktop/MSIS_Files/IDD_CNN_inference/idd20k_lite/leftImg8bit/train\322\frame0809_image.jpg,0
C:/Users/nayak/Desktop/MSIS_Files/IDD_CNN_inference/idd20k_lite/leftImg8bit/train\322\frame2969_image.jpg,0
C:/Users/nayak/Desktop/MSIS_Files/IDD_CNN_inference/idd20k_lite/leftImg8bit/train\325\frame0239_image.jpg,0
C:/Users/nayak/Desktop/MSIS_Files/IDD_CNN_inference/idd20k_lite/leftImg8bit/train\325\frame0479_image.jpg,0
C:/Users/nayak/Desktop/MSIS_Files/IDD_CNN_inference/idd20k_lite/leftImg8bit/train\327\frame1249_image.jpg,1
C:/Users/nayak/Desktop/MSIS_Files/IDD_CNN_inference/idd20k_lite/leftImg8bit/train\329\frame3683_image.jpg,0
C:/Users/nayak/Desktop/MSIS_Files/IDD_CNN_inference/idd20k_lite/leftImg8bit/train\329\frame7073_image.jpg,0
C:/Users/nayak/Desktop/MSIS_Files/IDD_CNN_inference/idd20k_lite/leftImg8bit/train\331\frame5481_image.jpg,1
C:/Users/nayak/Desktop/MSIS_Files/IDD_CNN_inference/idd20k_lite/leftImg8bit/train\333\frame0731_image.jpg,1
C:/Users/nayak/Desktop/MSIS_Files/IDD_CNN_inference/idd20k_lite/leftImg8bit/train\333\frame2417_image.jpg,0
C:/Users/nayak/Desktop/MSIS_Files/IDD_CNN_inference/idd20k_lite/leftImg8bit/train\334\frame1647_image.jpg,0
C:/Users/nayak/Desktop/MSIS_Files/IDD_CNN_inference/idd20k_lite/leftImg8bit/train\334\frame2127_image.jpg,0
C:/Users/nayak/Desktop/MSIS_Files/IDD_CNN_inference/idd20k_lite/leftImg8bit/train\334\frame3567_image.jpg,0
C:/Users/nayak/Desktop/MSIS_Files/IDD_CNN_inference/idd20k_lite/leftImg8bit/train\334\frame3897_image.jpg,0
C:/Users/nayak/Desktop/MSIS_Files/IDD_CNN_inference/idd20k_lite/leftImg8bit/train\336\frame1754_image.jpg,0
C:/Users/nayak/Desktop/MSIS_Files/IDD_CNN_inference/idd20k_lite/leftImg8bit/train\338\frame13126_image.jpg,1
C:/Users/nayak/Desktop/MSIS_Files/IDD_CNN_inference/idd20k_lite/leftImg8bit/train\338\frame25017_image.jpg,0
C:/Users/nayak/Desktop/MSIS_Files/IDD_CNN_inference/idd20k_lite/leftImg8bit/train\338\frame28284_image.jpg,0
C:/Users/nayak/Desktop/MSIS_Files/IDD_CNN_inference/idd20k_lite/leftImg8bit/train\338\frame2973_image.jpg,0
C:/Users/nayak/Desktop/MSIS_Files/IDD_CNN_inference/idd20k_lite/leftImg8bit/train\338\frame30520_image.jpg,0
C:/Users/nayak/Desktop/MSIS_Files/IDD_CNN_inference/idd20k_lite/leftImg8bit/train\338\frame33962_image.jpg,0
C:/Users/nayak/Desktop/MSIS_Files/IDD_CNN_inference/idd20k_lite/leftImg8bit/train\338\frame37044_image.jpg,0
C:/Users/nayak/Desktop/MSIS_Files/IDD_CNN_inference/idd20k_lite/leftImg8bit/train\338\frame42444_image.jpg,0
C:/Users/nayak/Desktop/MSIS_Files/IDD_CNN_inference/idd20k_lite/leftImg8bit/train\338\frame48526_image.jpg,0
C:/Users/nayak/Desktop/MSIS_Files/IDD_CNN_inference/idd20k_lite/leftImg8bit/train\338\frame55835_image.jpg,0
C:/Users/nayak/Desktop/MSIS_Files/IDD_CNN_inference/idd20k_lite/leftImg8bit/train\338\frame58999_image.jpg,0
C:/Users/nayak/Desktop/MSIS_Files/IDD_CNN_inference/idd20k_lite/leftImg8bit/train\338\frame60308_image.jpg,0
C:/Users/nayak/Desktop/MSIS_Files/IDD_CNN_inference/idd20k_lite/leftImg8bit/train\338\frame61917_image.jpg,0
C:/Users/nayak/Desktop/MSIS_Files/IDD_CNN_inference/idd20k_lite/leftImg8bit/train\338\frame62926_image.jpg,0
C:/Users/nayak/Desktop/MSIS_Files/IDD_CNN_inference/idd20k_lite/leftImg8bit/train\339\frame1722_image.jpg,1
C:/Users/nayak/Desktop/MSIS_Files/IDD_CNN_inference/idd20k_lite/leftImg8bit/train\34\292112_image.jpg,1
C:/Users/nayak/Desktop/MSIS_Files/IDD_CNN_inference/idd20k_lite/leftImg8bit/train\34\361721_image.jpg,0
C:/Users/nayak/Desktop/MSIS_Files/IDD_CNN_inference/idd20k_lite/leftImg8bit/train\34\829611_image.jpg,1
C:/Users/nayak/Desktop/MSIS_Files/IDD_CNN_inference/idd20k_lite/leftImg8bit/train\34\850872_image.jpg,1
C:/Users/nayak/Desktop/MSIS_Files/IDD_CNN_inference/idd20k_lite/leftImg8bit/train\340\frame0014_image.jpg,0
C:/Users/nayak/Desktop/MSIS_Files/IDD_CNN_inference/idd20k_lite/leftImg8bit/train\340\frame0434_image.jpg,0
C:/Users/nayak/Desktop/MSIS_Files/IDD_CNN_inference/idd20k_lite/leftImg8bit/train\340\frame2264_image.jpg,0
C:/Users/nayak/Desktop/MSIS_Files/IDD_CNN_inference/idd20k_lite/leftImg8bit/train\347\frame0839_image.jpg,1
C:/Users/nayak/Desktop/MSIS_Files/IDD_CNN_inference/idd20k_lite/leftImg8bit/train\347\frame13126_image.jpg,1
C:/Users/nayak/Desktop/MSIS_Files/IDD_CNN_inference/idd20k_lite/leftImg8bit/train\347\frame4181_image.jpg,0
C:/Users/nayak/Desktop/MSIS_Files/IDD_CNN_inference/idd20k_lite/leftImg8bit/train\347\frame9611_image.jpg,1
C:/Users/nayak/Desktop/MSIS_Files/IDD_CNN_inference/idd20k_lite/leftImg8bit/train\347\frame9941_image.jpg,1
C:/Users/nayak/Desktop/MSIS_Files/IDD_CNN_inference/idd20k_lite/leftImg8bit/train\350\frame17135_image.jpg,0
C:/Users/nayak/Desktop/MSIS_Files/IDD_CNN_inference/idd20k_lite/leftImg8bit/train\350\frame18335_image.jpg,0
C:/Users/nayak/Desktop/MSIS_Files/IDD_CNN_inference/idd20k_lite/leftImg8bit/train\350\frame3150_image.jpg,0
C:/Users/nayak/Desktop/MSIS_Files/IDD_CNN_inference/idd20k_lite/leftImg8bit/train\350\frame6270_image.jpg,1
C:/Users/nayak/Desktop/MSIS_Files/IDD_CNN_inference/idd20k_lite/leftImg8bit/train\350\frame9660_image.jpg,0
C:/Users/nayak/Desktop/MSIS_Files/IDD_CNN_inference/idd20k_lite/leftImg8bit/train\351\frame3846_image.jpg,1
C:/Users/nayak/Desktop/MSIS_Files/IDD_CNN_inference/idd20k_lite/leftImg8bit/train\353\frame27137_image.jpg,0
C:/Users/nayak/Desktop/MSIS_Files/IDD_CNN_inference/idd20k_lite/leftImg8bit/train\353\frame8607_image.jpg,0
C:/Users/nayak/Desktop/MSIS_Files/IDD_CNN_inference/idd20k_lite/leftImg8bit/train\354\frame0373_image.jpg,0
C:/Users/nayak/Desktop/MSIS_Files/IDD_CNN_inference/idd20k_lite/leftImg8bit/train\355\frame1827_image.jpg,0
C:/Users/nayak/Desktop/MSIS_Files/IDD_CNN_inference/idd20k_lite/leftImg8bit/train\355\frame5774_image.jpg,1
C:/Users/nayak/Desktop/MSIS_Files/IDD_CNN_inference/idd20k_lite/leftImg8bit/train\356\frame0234_image.jpg,0
C:/Users/nayak/Desktop/MSIS_Files/IDD_CNN_inference/idd20k_lite/leftImg8bit/train\356\frame0567_image.jpg,1
C:/Users/nayak/Desktop/MSIS_Files/IDD_CNN_inference/idd20k_lite/leftImg8bit/train\356\frame0942_image.jpg,0
C:/Users/nayak/Desktop/MSIS_Files/IDD_CNN_inference/idd20k_lite/leftImg8bit/train\356\frame1323_image.jpg,1
C:/Users/nayak/Desktop/MSIS_Files/IDD_CNN_inference/idd20k_lite/leftImg8bit/train\356\frame1409_image.jpg,0
C:/Users/nayak/Desktop/MSIS_Files/IDD_CNN_inference/idd20k_lite/leftImg8bit/train\356\frame1937_image.jpg,0
C:/Users/nayak/Desktop/MSIS_Files/IDD_CNN_inference/idd20k_lite/leftImg8bit/train\356\frame3038_image.jpg,0
C:/Users/nayak/Desktop/MSIS_Files/IDD_CNN_inference/idd20k_lite/leftImg8bit/train\357\frame11266_image.jpg,0
C:/Users/nayak/Desktop/MSIS_Files/IDD_CNN_inference/idd20k_lite/leftImg8bit/train\357\frame14140_image.jpg,0
C:/Users/nayak/Desktop/MSIS_Files/IDD_CNN_inference/idd20k_lite/leftImg8bit/train\357\frame27062_image.jpg,0
C:/Users/nayak/Desktop/MSIS_Files/IDD_CNN_inference/idd20k_lite/leftImg8bit/train\357\frame27179_image.jpg,0
C:/Users/nayak/Desktop/MSIS_Files/IDD_CNN_inference/idd20k_lite/leftImg8bit/train\357\frame28621_image.jpg,1
C:/Users/nayak/Desktop/MSIS_Files/IDD_CNN_inference/idd20k_lite/leftImg8bit/train\357\frame32462_image.jpg,0
C:/Users/nayak/Desktop/MSIS_Files/IDD_CNN_inference/idd20k_lite/leftImg8bit/train\357\frame32781_image.jpg,0
C:/Users/nayak/Desktop/MSIS_Files/IDD_CNN_inference/idd20k_lite/leftImg8bit/train\357\frame3838_image.jpg,1
C:/Users/nayak/Desktop/MSIS_Files/IDD_CNN_inference/idd20k_lite/leftImg8bit/train\357\frame5939_image.jpg,0
C:/Users/nayak/Desktop/MSIS_Files/IDD_CNN_inference/idd20k_lite/leftImg8bit/train\359\frame1952_image.jpg,0
C:/Users/nayak/Desktop/MSIS_Files/IDD_CNN_inference/idd20k_lite/leftImg8bit/train\36\001541_image.jpg,1
C:/Users/nayak/Desktop/MSIS_Files/IDD_CNN_inference/idd20k_lite/leftImg8bit/train\36\004636_image.jpg,1
C:/Users/nayak/Desktop/MSIS_Files/IDD_CNN_inference/idd20k_lite/leftImg8bit/train\36\007987_image.jpg,1
C:/Users/nayak/Desktop/MSIS_Files/IDD_CNN_inference/idd20k_lite/leftImg8bit/train\36\008572_image.jpg,1
C:/Users/nayak/Desktop/MSIS_Files/IDD_CNN_inference/idd20k_lite/leftImg8bit/train\36\011797_image.jpg,1
C:/Users/nayak/Desktop/MSIS_Files/IDD_CNN_inference/idd20k_lite/leftImg8bit/train\36\012093_image.jpg,1
C:/Users/nayak/Desktop/MSIS_Files/IDD_CNN_inference/idd20k_lite/leftImg8bit/train\36\013895_image.jpg,0
C:/Users/nayak/Desktop/MSIS_Files/IDD_CNN_inference/idd20k_lite/leftImg8bit/train\36\021106_image.jpg,1
C:/Users/nayak/Desktop/MSIS_Files/IDD_CNN_inference/idd20k_lite/leftImg8bit/train\36\021466_image.jpg,1
C:/Users/nayak/Desktop/MSIS_Files/IDD_CNN_inference/idd20k_lite/leftImg8bit/train\36\022201_image.jpg,1
C:/Users/nayak/Desktop/MSIS_Files/IDD_CNN_inference/idd20k_lite/leftImg8bit/train\36\022216_image.jpg,1
C:/Users/nayak/Desktop/MSIS_Files/IDD_CNN_inference/idd20k_lite/leftImg8bit/train\36\026656_image.jpg,1
C:/Users/nayak/Desktop/MSIS_Files/IDD_CNN_inference/idd20k_lite/leftImg8bit/train\361\frame12101_image.jpg,1
C:/Users/nayak/Desktop/MSIS_Files/IDD_CNN_inference/idd20k_lite/leftImg8bit/train\361\frame5872_image.jpg,0
C:/Users/nayak/Desktop/MSIS_Files/IDD_CNN_inference/idd20k_lite/leftImg8bit/train\361\frame7402_image.jpg,1
C:/Users/nayak/Desktop/MSIS_Files/IDD_CNN_inference/idd20k_lite/leftImg8bit/train\367\frame0011_image.jpg,0
C:/Users/nayak/Desktop/MSIS_Files/IDD_CNN_inference/idd20k_lite/leftImg8bit/train\37\016066_image.jpg,1
C:/Users/nayak/Desktop/MSIS_Files/IDD_CNN_inference/idd20k_lite/leftImg8bit/train\37\016164_image.jpg,1
C:/Users/nayak/Desktop/MSIS_Files/IDD_CNN_inference/idd20k_lite/leftImg8bit/train\37\017729_image.jpg,0
C:/Users/nayak/Desktop/MSIS_Files/IDD_CNN_inference/idd20k_lite/leftImg8bit/train\37\019366_image.jpg,0
C:/Users/nayak/Desktop/MSIS_Files/IDD_CNN_inference/idd20k_lite/leftImg8bit/train\37\019666_image.jpg,0
C:/Users/nayak/Desktop/MSIS_Files/IDD_CNN_inference/idd20k_lite/leftImg8bit/train\37\021823_image.jpg,1
C:/Users/nayak/Desktop/MSIS_Files/IDD_CNN_inference/idd20k_lite/leftImg8bit/train\37\025983_image.jpg,1
C:/Users/nayak/Desktop/MSIS_Files/IDD_CNN_inference/idd20k_lite/leftImg8bit/train\370\frame1321_image.jpg,0
C:/Users/nayak/Desktop/MSIS_Files/IDD_CNN_inference/idd20k_lite/leftImg8bit/train\371\frame12335_image.jpg,0
C:/Users/nayak/Desktop/MSIS_Files/IDD_CNN_inference/idd20k_lite/leftImg8bit/train\371\frame18444_image.jpg,1
C:/Users/nayak/Desktop/MSIS_Files/IDD_CNN_inference/idd20k_lite/leftImg8bit/train\371\frame19399_image.jpg,1
C:/Users/nayak/Desktop/MSIS_Files/IDD_CNN_inference/idd20k_lite/leftImg8bit/train\372\frame1755_image.jpg,0
C:/Users/nayak/Desktop/MSIS_Files/IDD_CNN_inference/idd20k_lite/leftImg8bit/train\372\frame3698_image.jpg,0
C:/Users/nayak/Desktop/MSIS_Files/IDD_CNN_inference/idd20k_lite/leftImg8bit/train\373\frame3010_image.jpg,0
C:/Users/nayak/Desktop/MSIS_Files/IDD_CNN_inference/idd20k_lite/leftImg8bit/train\375\frame1769_image.jpg,0
C:/Users/nayak/Desktop/MSIS_Files/IDD_CNN_inference/idd20k_lite/leftImg8bit/train\375\frame4589_image.jpg,0
C:/Users/nayak/Desktop/MSIS_Files/IDD_CNN_inference/idd20k_lite/leftImg8bit/train\375\frame7499_image.jpg,1
C:/Users/nayak/Desktop/MSIS_Files/IDD_CNN_inference/idd20k_lite/leftImg8bit/train\375\frame9329_image.jpg,1
C:/Users/nayak/Desktop/MSIS_Files/IDD_CNN_inference/idd20k_lite/leftImg8bit/train\375\frame9899_image.jpg,1
C:/Users/nayak/Desktop/MSIS_Files/IDD_CNN_inference/idd20k_lite/leftImg8bit/train\376\frame0608_image.jpg,1
C:/Users/nayak/Desktop/MSIS_Files/IDD_CNN_inference/idd20k_lite/leftImg8bit/train\376\frame0642_image.jpg,0
C:/Users/nayak/Desktop/MSIS_Files/IDD_CNN_inference/idd20k_lite/leftImg8bit/train\376\frame0908_image.jpg,0
C:/Users/nayak/Desktop/MSIS_Files/IDD_CNN_inference/idd20k_lite/leftImg8bit/train\377\frame0329_image.jpg,1
C:/Users/nayak/Desktop/MSIS_Files/IDD_CNN_inference/idd20k_lite/leftImg8bit/train\377\frame0599_image.jpg,1
C:/Users/nayak/Desktop/MSIS_Files/IDD_CNN_inference/idd20k_lite/leftImg8bit/train\377\frame11899_image.jpg,0
C:/Users/nayak/Desktop/MSIS_Files/IDD_CNN_inference/idd20k_lite/leftImg8bit/train\377\frame12117_image.jpg,0
C:/Users/nayak/Desktop/MSIS_Files/IDD_CNN_inference/idd20k_lite/leftImg8bit/train\377\frame12226_image.jpg,1
C:/Users/nayak/Desktop/MSIS_Files/IDD_CNN_inference/idd20k_lite/leftImg8bit/train\377\frame13180_image.jpg,1
C:/Users/nayak/Desktop/MSIS_Files/IDD_CNN_inference/idd20k_lite/leftImg8bit/train\377\frame13344_image.jpg,0
C:/Users/nayak/Desktop/MSIS_Files/IDD_CNN_inference/idd20k_lite/leftImg8bit/train\377\frame15499_image.jpg,1
C:/Users/nayak/Desktop/MSIS_Files/IDD_CNN_inference/idd20k_lite/leftImg8bit/train\377\frame16126_image.jpg,1
C:/Users/nayak/Desktop/MSIS_Files/IDD_CNN_inference/idd20k_lite/leftImg8bit/train\377\frame20380_image.jpg,1
C:/Users/nayak/Desktop/MSIS_Files/IDD_CNN_inference/idd20k_lite/leftImg8bit/train\377\frame23435_image.jpg,1
C:/Users/nayak/Desktop/MSIS_Files/IDD_CNN_inference/idd20k_lite/leftImg8bit/train\377\frame24635_image.jpg,1
C:/Users/nayak/Desktop/MSIS_Files/IDD_CNN_inference/idd20k_lite/leftImg8bit/train\377\frame2469_image.jpg,1
C:/Users/nayak/Desktop/MSIS_Files/IDD_CNN_inference/idd20k_lite/leftImg8bit/train\377\frame26162_image.jpg,0
C:/Users/nayak/Desktop/MSIS_Files/IDD_CNN_inference/idd20k_lite/leftImg8bit/train\377\frame26571_image.jpg,0
C:/Users/nayak/Desktop/MSIS_Files/IDD_CNN_inference/idd20k_lite/leftImg8bit/train\377\frame29817_image.jpg,1
C:/Users/nayak/Desktop/MSIS_Files/IDD_CNN_inference/idd20k_lite/leftImg8bit/train\377\frame3039_image.jpg,1
C:/Users/nayak/Desktop/MSIS_Files/IDD_CNN_inference/idd20k_lite/leftImg8bit/train\377\frame31562_image.jpg,1
C:/Users/nayak/Desktop/MSIS_Files/IDD_CNN_inference/idd20k_lite/leftImg8bit/train\377\frame36826_image.jpg,0
C:/Users/nayak/Desktop/MSIS_Files/IDD_CNN_inference/idd20k_lite/leftImg8bit/train\377\frame37917_image.jpg,1
C:/Users/nayak/Desktop/MSIS_Files/IDD_CNN_inference/idd20k_lite/leftImg8bit/train\377\frame39471_image.jpg,0
C:/Users/nayak/Desktop/MSIS_Files/IDD_CNN_inference/idd20k_lite/leftImg8bit/train\377\frame40726_image.jpg,0
C:/Users/nayak/Desktop/MSIS_Files/IDD_CNN_inference/idd20k_lite/leftImg8bit/train\377\frame4299_image.jpg,1
C:/Users/nayak/Desktop/MSIS_Files/IDD_CNN_inference/idd20k_lite/leftImg8bit/train\377\frame43508_image.jpg,1
C:/Users/nayak/Desktop/MSIS_Files/IDD_CNN_inference/idd20k_lite/leftImg8bit/train\377\frame45608_image.jpg,1
C:/Users/nayak/Desktop/MSIS_Files/IDD_CNN_inference/idd20k_lite/leftImg8bit/train\377\frame46835_image.jpg,1
C:/Users/nayak/Desktop/MSIS_Files/IDD_CNN_inference/idd20k_lite/leftImg8bit/train\377\frame4989_image.jpg,1
C:/Users/nayak/Desktop/MSIS_Files/IDD_CNN_inference/idd20k_lite/leftImg8bit/train\377\frame50680_image.jpg,1
C:/Users/nayak/Desktop/MSIS_Files/IDD_CNN_inference/idd20k_lite/leftImg8bit/train\377\frame5409_image.jpg,1
C:/Users/nayak/Desktop/MSIS_Files/IDD_CNN_inference/idd20k_lite/leftImg8bit/train\377\frame54744_image.jpg,1
C:/Users/nayak/Desktop/MSIS_Files/IDD_CNN_inference/idd20k_lite/leftImg8bit/train\377\frame55262_image.jpg,1
C:/Users/nayak/Desktop/MSIS_Files/IDD_CNN_inference/idd20k_lite/leftImg8bit/train\377\frame57935_image.jpg,1
C:/Users/nayak/Desktop/MSIS_Files/IDD_CNN_inference/idd20k_lite/leftImg8bit/train\377\frame62626_image.jpg,0
C:/Users/nayak/Desktop/MSIS_Files/IDD_CNN_inference/idd20k_lite/leftImg8bit/train\377\frame73344_image.jpg,1
C:/Users/nayak/Desktop/MSIS_Files/IDD_CNN_inference/idd20k_lite/leftImg8bit/train\377\frame76071_image.jpg,1
C:/Users/nayak/Desktop/MSIS_Files/IDD_CNN_inference/idd20k_lite/leftImg8bit/train\377\frame9971_image.jpg,1
C:/Users/nayak/Desktop/MSIS_Files/IDD_CNN_inference/idd20k_lite/leftImg8bit/train\38\001077_image.jpg,1
C:/Users/nayak/Desktop/MSIS_Files/IDD_CNN_inference/idd20k_lite/leftImg8bit/train\380\frame19935_image.jpg,1
C:/Users/nayak/Desktop/MSIS_Files/IDD_CNN_inference/idd20k_lite/leftImg8bit/train\380\frame21012_image.jpg,1
C:/Users/nayak/Desktop/MSIS_Files/IDD_CNN_inference/idd20k_lite/leftImg8bit/train\380\frame21431_image.jpg,1
C:/Users/nayak/Desktop/MSIS_Files/IDD_CNN_inference/idd20k_lite/leftImg8bit/train\380\frame7672_image.jpg,1
C:/Users/nayak/Desktop/MSIS_Files/IDD_CNN_inference/idd20k_lite/leftImg8bit/train\382\frame0479_image.jpg,0
C:/Users/nayak/Desktop/MSIS_Files/IDD_CNN_inference/idd20k_lite/leftImg8bit/train\383\frame10971_image.jpg,0
C:/Users/nayak/Desktop/MSIS_Files/IDD_CNN_inference/idd20k_lite/leftImg8bit/train\383\frame15880_image.jpg,0
C:/Users/nayak/Desktop/MSIS_Files/IDD_CNN_inference/idd20k_lite/leftImg8bit/train\383\frame16780_image.jpg,0
C:/Users/nayak/Desktop/MSIS_Files/IDD_CNN_inference/idd20k_lite/leftImg8bit/train\383\frame20544_image.jpg,0
C:/Users/nayak/Desktop/MSIS_Files/IDD_CNN_inference/idd20k_lite/leftImg8bit/train\383\frame20980_image.jpg,0
C:/Users/nayak/Desktop/MSIS_Files/IDD_CNN_inference/idd20k_lite/leftImg8bit/train\387\frame0074_image.jpg,0
C:/Users/nayak/Desktop/MSIS_Files/IDD_CNN_inference/idd20k_lite/leftImg8bit/train\387\frame3393_image.jpg,0
C:/Users/nayak/Desktop/MSIS_Files/IDD_CNN_inference/idd20k_lite/leftImg8bit/train\387\frame5161_image.jpg,0
C:/Users/nayak/Desktop/MSIS_Files/IDD_CNN_inference/idd20k_lite/leftImg8bit/train\39\048798_image.jpg,0
C:/Users/nayak/Desktop/MSIS_Files/IDD_CNN_inference/idd20k_lite/leftImg8bit/train\39\513939_image.jpg,0
C:/Users/nayak/Desktop/MSIS_Files/IDD_CNN_inference/idd20k_lite/leftImg8bit/train\40\117671_image.jpg,1
C:/Users/nayak/Desktop/MSIS_Files/IDD_CNN_inference/idd20k_lite/leftImg8bit/train\40\245825_image.jpg,1
C:/Users/nayak/Desktop/MSIS_Files/IDD_CNN_inference/idd20k_lite/leftImg8bit/train\40\577720_image.jpg,1
C:/Users/nayak/Desktop/MSIS_Files/IDD_CNN_inference/idd20k_lite/leftImg8bit/train\40\901121_image.jpg,1
C:/Users/nayak/Desktop/MSIS_Files/IDD_CNN_inference/idd20k_lite/leftImg8bit/train\400\frame3849_image.jpg,1
C:/Users/nayak/Desktop/MSIS_Files/IDD_CNN_inference/idd20k_lite/leftImg8bit/train\402\frame17135_image.jpg,0
C:/Users/nayak/Desktop/MSIS_Files/IDD_CNN_inference/idd20k_lite/leftImg8bit/train\402\frame4091_image.jpg,1
C:/Users/nayak/Desktop/MSIS_Files/IDD_CNN_inference/idd20k_lite/leftImg8bit/train\403\0005358_image.jpg,1
C:/Users/nayak/Desktop/MSIS_Files/IDD_CNN_inference/idd20k_lite/leftImg8bit/train\403\0005852_image.jpg,1
C:/Users/nayak/Desktop/MSIS_Files/IDD_CNN_inference/idd20k_lite/leftImg8bit/train\403\0006531_image.jpg,1
C:/Users/nayak/Desktop/MSIS_Files/IDD_CNN_inference/idd20k_lite/leftImg8bit/train\403\0010639_image.jpg,1
C:/Users/nayak/Desktop/MSIS_Files/IDD_CNN_inference/idd20k_lite/leftImg8bit/train\403\0010815_image.jpg,0
C:/Users/nayak/Desktop/MSIS_Files/IDD_CNN_inference/idd20k_lite/leftImg8bit/train\403\0013321_image.jpg,1
C:/Users/nayak/Desktop/MSIS_Files/IDD_CNN_inference/idd20k_lite/leftImg8bit/train\406\frame1709_image.jpg,0
C:/Users/nayak/Desktop/MSIS_Files/IDD_CNN_inference/idd20k_lite/leftImg8bit/train\406\frame2129_image.jpg,0
C:/Users/nayak/Desktop/MSIS_Files/IDD_CNN_inference/idd20k_lite/leftImg8bit/train\409\frame0359_image.jpg,0
C:/Users/nayak/Desktop/MSIS_Files/IDD_CNN_inference/idd20k_lite/leftImg8bit/train\409\frame1739_image.jpg,0
C:/Users/nayak/Desktop/MSIS_Files/IDD_CNN_inference/idd20k_lite/leftImg8bit/train\41\006300_image.jpg,1
C:/Users/nayak/Desktop/MSIS_Files/IDD_CNN_inference/idd20k_lite/leftImg8bit/train\41\006600_image.jpg,1
C:/Users/nayak/Desktop/MSIS_Files/IDD_CNN_inference/idd20k_lite/leftImg8bit/train\41\012163_image.jpg,1
C:/Users/nayak/Desktop/MSIS_Files/IDD_CNN_inference/idd20k_lite/leftImg8bit/train\41\012763_image.jpg,1
C:/Users/nayak/Desktop/MSIS_Files/IDD_CNN_inference/idd20k_lite/leftImg8bit/train\41\019363_image.jpg,0
C:/Users/nayak/Desktop/MSIS_Files/IDD_CNN_inference/idd20k_lite/leftImg8bit/train\41\020123_image.jpg,1
C:/Users/nayak/Desktop/MSIS_Files/IDD_CNN_inference/idd20k_lite/leftImg8bit/train\41\020598_image.jpg,1
C:/Users/nayak/Desktop/MSIS_Files/IDD_CNN_inference/idd20k_lite/leftImg8bit/train\41\022359_image.jpg,1
C:/Users/nayak/Desktop/MSIS_Files/IDD_CNN_inference/idd20k_lite/leftImg8bit/train\41\023393_image.jpg,1
C:/Users/nayak/Desktop/MSIS_Files/IDD_CNN_inference/idd20k_lite/leftImg8bit/train\410\frame1364_image.jpg,0
C:/Users/nayak/Desktop/MSIS_Files/IDD_CNN_inference/idd20k_lite/leftImg8bit/train\411\frame9032_image.jpg,0
C:/Users/nayak/Desktop/MSIS_Files/IDD_CNN_inference/idd20k_lite/leftImg8bit/train\413\frame0399_image.jpg,1
C:/Users/nayak/Desktop/MSIS_Files/IDD_CNN_inference/idd20k_lite/leftImg8bit/train\414\frame73067_image.jpg,0
C:/Users/nayak/Desktop/MSIS_Files/IDD_CNN_inference/idd20k_lite/leftImg8bit/train\414\frame75180_image.jpg,0
C:/Users/nayak/Desktop/MSIS_Files/IDD_CNN_inference/idd20k_lite/leftImg8bit/train\414\frame80453_image.jpg,1
C:/Users/nayak/Desktop/MSIS_Files/IDD_CNN_inference/idd20k_lite/leftImg8bit/train\416\0001924_image.jpg,1
C:/Users/nayak/Desktop/MSIS_Files/IDD_CNN_inference/idd20k_lite/leftImg8bit/train\416\0003613_image.jpg,1
C:/Users/nayak/Desktop/MSIS_Files/IDD_CNN_inference/idd20k_lite/leftImg8bit/train\416\0006371_image.jpg,1
C:/Users/nayak/Desktop/MSIS_Files/IDD_CNN_inference/idd20k_lite/leftImg8bit/train\417\0004398_image.jpg,1
C:/Users/nayak/Desktop/MSIS_Files/IDD_CNN_inference/idd20k_lite/leftImg8bit/train\417\0008799_image.jpg,1
C:/Users/nayak/Desktop/MSIS_Files/IDD_CNN_inference/idd20k_lite/leftImg8bit/train\417\0018578_image.jpg,1
C:/Users/nayak/Desktop/MSIS_Files/IDD_CNN_inference/idd20k_lite/leftImg8bit/train\417\0019370_image.jpg,1
C:/Users/nayak/Desktop/MSIS_Files/IDD_CNN_inference/idd20k_lite/leftImg8bit/train\417\0019674_image.jpg,1
C:/Users/nayak/Desktop/MSIS_Files/IDD_CNN_inference/idd20k_lite/leftImg8bit/train\417\0020462_image.jpg,1
C:/Users/nayak/Desktop/MSIS_Files/IDD_CNN_inference/idd20k_lite/leftImg8bit/train\417\0020794_image.jpg,1
C:/Users/nayak/Desktop/MSIS_Files/IDD_CNN_inference/idd20k_lite/leftImg8bit/train\419\frame0092_image.jpg,0
C:/Users/nayak/Desktop/MSIS_Files/IDD_CNN_inference/idd20k_lite/leftImg8bit/train\419\frame2789_image.jpg,0
C:/Users/nayak/Desktop/MSIS_Files/IDD_CNN_inference/idd20k_lite/leftImg8bit/train\42\571609_image.jpg,1
C:/Users/nayak/Desktop/MSIS_Files/IDD_CNN_inference/idd20k_lite/leftImg8bit/train\42\574289_image.jpg,1
C:/Users/nayak/Desktop/MSIS_Files/IDD_CNN_inference/idd20k_lite/leftImg8bit/train\42\633455_image.jpg,0
C:/Users/nayak/Desktop/MSIS_Files/IDD_CNN_inference/idd20k_lite/leftImg8bit/train\42\634443_image.jpg,0
C:/Users/nayak/Desktop/MSIS_Files/IDD_CNN_inference/idd20k_lite/leftImg8bit/train\42\845231_image.jpg,1
C:/Users/nayak/Desktop/MSIS_Files/IDD_CNN_inference/idd20k_lite/leftImg8bit/train\42\956443_image.jpg,1
C:/Users/nayak/Desktop/MSIS_Files/IDD_CNN_inference/idd20k_lite/leftImg8bit/train\421\0000450_image.jpg,1
C:/Users/nayak/Desktop/MSIS_Files/IDD_CNN_inference/idd20k_lite/leftImg8bit/train\421\0001340_image.jpg,1
C:/Users/nayak/Desktop/MSIS_Files/IDD_CNN_inference/idd20k_lite/leftImg8bit/train\421\0002781_image.jpg,1
C:/Users/nayak/Desktop/MSIS_Files/IDD_CNN_inference/idd20k_lite/leftImg8bit/train\421\0002860_image.jpg,1
C:/Users/nayak/Desktop/MSIS_Files/IDD_CNN_inference/idd20k_lite/leftImg8bit/train\421\0004379_image.jpg,1
C:/Users/nayak/Desktop/MSIS_Files/IDD_CNN_inference/idd20k_lite/leftImg8bit/train\421\0005775_image.jpg,1
C:/Users/nayak/Desktop/MSIS_Files/IDD_CNN_inference/idd20k_lite/leftImg8bit/train\421\0007163_image.jpg,1
C:/Users/nayak/Desktop/MSIS_Files/IDD_CNN_inference/idd20k_lite/leftImg8bit/train\421\0010798_image.jpg,1
C:/Users/nayak/Desktop/MSIS_Files/IDD_CNN_inference/idd20k_lite/leftImg8bit/train\421\0014059_image.jpg,1
C:/Users/nayak/Desktop/MSIS_Files/IDD_CNN_inference/idd20k_lite/leftImg8bit/train\421\0014430_image.jpg,1
C:/Users/nayak/Desktop/MSIS_Files/IDD_CNN_inference/idd20k_lite/leftImg8bit/train\422\0001625_image.jpg,1
C:/Users/nayak/Desktop/MSIS_Files/IDD_CNN_inference/idd20k_lite/leftImg8bit/train\422\0002550_image.jpg,1
C:/Users/nayak/Desktop/MSIS_Files/IDD_CNN_inference/idd20k_lite/leftImg8bit/train\422\0003814_image.jpg,1
C:/Users/nayak/Desktop/MSIS_Files/IDD_CNN_inference/idd20k_lite/leftImg8bit/train\423\frame8397_image.jpg,0
C:/Users/nayak/Desktop/MSIS_Files/IDD_CNN_inference/idd20k_lite/leftImg8bit/train\428\frame1319_image.jpg,0
C:/Users/nayak/Desktop/MSIS_Files/IDD_CNN_inference/idd20k_lite/leftImg8bit/train\428\frame1439_image.jpg,0
C:/Users/nayak/Desktop/MSIS_Files/IDD_CNN_inference/idd20k_lite/leftImg8bit/train\429\frame13262_image.jpg,0
C:/Users/nayak/Desktop/MSIS_Files/IDD_CNN_inference/idd20k_lite/leftImg8bit/train\43\001800_image.jpg,0
C:/Users/nayak/Desktop/MSIS_Files/IDD_CNN_inference/idd20k_lite/leftImg8bit/train\43\002234_image.jpg,1
C:/Users/nayak/Desktop/MSIS_Files/IDD_CNN_inference/idd20k_lite/leftImg8bit/train\430\frame3074_image.jpg,1
C:/Users/nayak/Desktop/MSIS_Files/IDD_CNN_inference/idd20k_lite/leftImg8bit/train\431\0000215_image.jpg,1
C:/Users/nayak/Desktop/MSIS_Files/IDD_CNN_inference/idd20k_lite/leftImg8bit/train\431\0004045_image.jpg,1
C:/Users/nayak/Desktop/MSIS_Files/IDD_CNN_inference/idd20k_lite/leftImg8bit/train\431\0006751_image.jpg,1
C:/Users/nayak/Desktop/MSIS_Files/IDD_CNN_inference/idd20k_lite/leftImg8bit/train\431\0015744_image.jpg,1
C:/Users/nayak/Desktop/MSIS_Files/IDD_CNN_inference/idd20k_lite/leftImg8bit/train\432\frame12380_image.jpg,1
C:/Users/nayak/Desktop/MSIS_Files/IDD_CNN_inference/idd20k_lite/leftImg8bit/train\432\frame14053_image.jpg,1
C:/Users/nayak/Desktop/MSIS_Files/IDD_CNN_inference/idd20k_lite/leftImg8bit/train\432\frame19899_image.jpg,1
C:/Users/nayak/Desktop/MSIS_Files/IDD_CNN_inference/idd20k_lite/leftImg8bit/train\433\frame1289_image.jpg,1
C:/Users/nayak/Desktop/MSIS_Files/IDD_CNN_inference/idd20k_lite/leftImg8bit/train\433\frame1859_image.jpg,1
C:/Users/nayak/Desktop/MSIS_Files/IDD_CNN_inference/idd20k_lite/leftImg8bit/train\433\frame7289_image.jpg,0
C:/Users/nayak/Desktop/MSIS_Files/IDD_CNN_inference/idd20k_lite/leftImg8bit/train\437\frame13108_image.jpg,1
C:/Users/nayak/Desktop/MSIS_Files/IDD_CNN_inference/idd20k_lite/leftImg8bit/train\438\frame0022_image.jpg,1
C:/Users/nayak/Desktop/MSIS_Files/IDD_CNN_inference/idd20k_lite/leftImg8bit/train\439\frame18499_image.jpg,1
C:/Users/nayak/Desktop/MSIS_Files/IDD_CNN_inference/idd20k_lite/leftImg8bit/train\439\frame20476_image.jpg,1
C:/Users/nayak/Desktop/MSIS_Files/IDD_CNN_inference/idd20k_lite/leftImg8bit/train\439\frame20771_image.jpg,1
C:/Users/nayak/Desktop/MSIS_Files/IDD_CNN_inference/idd20k_lite/leftImg8bit/train\439\frame21658_image.jpg,1
C:/Users/nayak/Desktop/MSIS_Files/IDD_CNN_inference/idd20k_lite/leftImg8bit/train\439\frame25885_image.jpg,1
C:/Users/nayak/Desktop/MSIS_Files/IDD_CNN_inference/idd20k_lite/leftImg8bit/train\439\frame26635_image.jpg,1
C:/Users/nayak/Desktop/MSIS_Files/IDD_CNN_inference/idd20k_lite/leftImg8bit/train\439\frame31112_image.jpg,1
C:/Users/nayak/Desktop/MSIS_Files/IDD_CNN_inference/idd20k_lite/leftImg8bit/train\439\frame32408_image.jpg,1
C:/Users/nayak/Desktop/MSIS_Files/IDD_CNN_inference/idd20k_lite/leftImg8bit/train\439\frame36408_image.jpg,1
C:/Users/nayak/Desktop/MSIS_Files/IDD_CNN_inference/idd20k_lite/leftImg8bit/train\439\frame44544_image.jpg,1
C:/Users/nayak/Desktop/MSIS_Files/IDD_CNN_inference/idd20k_lite/leftImg8bit/train\439\frame45953_image.jpg,1
C:/Users/nayak/Desktop/MSIS_Files/IDD_CNN_inference/idd20k_lite/leftImg8bit/train\439\frame47294_image.jpg,1
C:/Users/nayak/Desktop/MSIS_Files/IDD_CNN_inference/idd20k_lite/leftImg8bit/train\439\frame47612_image.jpg,1
C:/Users/nayak/Desktop/MSIS_Files/IDD_CNN_inference/idd20k_lite/leftImg8bit/train\439\frame78180_image.jpg,0
C:/Users/nayak/Desktop/MSIS_Files/IDD_CNN_inference/idd20k_lite/leftImg8bit/train\439\frame78544_image.jpg,1
C:/Users/nayak/Desktop/MSIS_Files/IDD_CNN_inference/idd20k_lite/leftImg8bit/train\439\frame81180_image.jpg,1
C:/Users/nayak/Desktop/MSIS_Files/IDD_CNN_inference/idd20k_lite/leftImg8bit/train\439\frame83817_image.jpg,1
C:/Users/nayak/Desktop/MSIS_Files/IDD_CNN_inference/idd20k_lite/leftImg8bit/train\439\frame86749_image.jpg,1
C:/Users/nayak/Desktop/MSIS_Files/IDD_CNN_inference/idd20k_lite/leftImg8bit/train\44\137835_image.jpg,0
C:/Users/nayak/Desktop/MSIS_Files/IDD_CNN_inference/idd20k_lite/leftImg8bit/train\44\186592_image.jpg,1
C:/Users/nayak/Desktop/MSIS_Files/IDD_CNN_inference/idd20k_lite/leftImg8bit/train\44\205354_image.jpg,0
C:/Users/nayak/Desktop/MSIS_Files/IDD_CNN_inference/idd20k_lite/leftImg8bit/train\44\241715_image.jpg,1
C:/Users/nayak/Desktop/MSIS_Files/IDD_CNN_inference/idd20k_lite/leftImg8bit/train\44\388488_image.jpg,0
C:/Users/nayak/Desktop/MSIS_Files/IDD_CNN_inference/idd20k_lite/leftImg8bit/train\44\396150_image.jpg,0
C:/Users/nayak/Desktop/MSIS_Files/IDD_CNN_inference/idd20k_lite/leftImg8bit/train\44\425775_image.jpg,0
C:/Users/nayak/Desktop/MSIS_Files/IDD_CNN_inference/idd20k_lite/leftImg8bit/train\44\455768_image.jpg,1
C:/Users/nayak/Desktop/MSIS_Files/IDD_CNN_inference/idd20k_lite/leftImg8bit/train\44\467263_image.jpg,0
C:/Users/nayak/Desktop/MSIS_Files/IDD_CNN_inference/idd20k_lite/leftImg8bit/train\44\550464_image.jpg,0
C:/Users/nayak/Desktop/MSIS_Files/IDD_CNN_inference/idd20k_lite/leftImg8bit/train\44\589193_image.jpg,0
C:/Users/nayak/Desktop/MSIS_Files/IDD_CNN_inference/idd20k_lite/leftImg8bit/train\44\595963_image.jpg,0
C:/Users/nayak/Desktop/MSIS_Files/IDD_CNN_inference/idd20k_lite/leftImg8bit/train\44\740783_image.jpg,0
C:/Users/nayak/Desktop/MSIS_Files/IDD_CNN_inference/idd20k_lite/leftImg8bit/train\44\918537_image.jpg,0
C:/Users/nayak/Desktop/MSIS_Files/IDD_CNN_inference/idd20k_lite/leftImg8bit/train\441\frame5014_image.jpg,1
C:/Users/nayak/Desktop/MSIS_Files/IDD_CNN_inference/idd20k_lite/leftImg8bit/train\441\frame6539_image.jpg,1
C:/Users/nayak/Desktop/MSIS_Files/IDD_CNN_inference/idd20k_lite/leftImg8bit/train\441\frame8714_image.jpg,1
C:/Users/nayak/Desktop/MSIS_Files/IDD_CNN_inference/idd20k_lite/leftImg8bit/train\442\0000792_image.jpg,1
C:/Users/nayak/Desktop/MSIS_Files/IDD_CNN_inference/idd20k_lite/leftImg8bit/train\442\0003259_image.jpg,1
C:/Users/nayak/Desktop/MSIS_Files/IDD_CNN_inference/idd20k_lite/leftImg8bit/train\442\0004813_image.jpg,1
C:/Users/nayak/Desktop/MSIS_Files/IDD_CNN_inference/idd20k_lite/leftImg8bit/train\442\0005501_image.jpg,1
C:/Users/nayak/Desktop/MSIS_Files/IDD_CNN_inference/idd20k_lite/leftImg8bit/train\443\frame2264_image.jpg,0
C:/Users/nayak/Desktop/MSIS_Files/IDD_CNN_inference/idd20k_lite/leftImg8bit/train\446\0000097_image.jpg,1
C:/Users/nayak/Desktop/MSIS_Files/IDD_CNN_inference/idd20k_lite/leftImg8bit/train\446\0001196_image.jpg,1
C:/Users/nayak/Desktop/MSIS_Files/IDD_CNN_inference/idd20k_lite/leftImg8bit/train\446\0001523_image.jpg,1
C:/Users/nayak/Desktop/MSIS_Files/IDD_CNN_inference/idd20k_lite/leftImg8bit/train\446\0003132_image.jpg,1
C:/Users/nayak/Desktop/MSIS_Files/IDD_CNN_inference/idd20k_lite/leftImg8bit/train\446\0003725_image.jpg,1
C:/Users/nayak/Desktop/MSIS_Files/IDD_CNN_inference/idd20k_lite/leftImg8bit/train\446\0022823_image.jpg,1
C:/Users/nayak/Desktop/MSIS_Files/IDD_CNN_inference/idd20k_lite/leftImg8bit/train\446\0023638_image.jpg,1
C:/Users/nayak/Desktop/MSIS_Files/IDD_CNN_inference/idd20k_lite/leftImg8bit/train\446\0025903_image.jpg,1
C:/Users/nayak/Desktop/MSIS_Files/IDD_CNN_inference/idd20k_lite/leftImg8bit/train\446\0027231_image.jpg,1
C:/Users/nayak/Desktop/MSIS_Files/IDD_CNN_inference/idd20k_lite/leftImg8bit/train\446\0027844_image.jpg,1
C:/Users/nayak/Desktop/MSIS_Files/IDD_CNN_inference/idd20k_lite/leftImg8bit/train\446\0032215_image.jpg,1
C:/Users/nayak/Desktop/MSIS_Files/IDD_CNN_inference/idd20k_lite/leftImg8bit/train\446\0034050_image.jpg,1
C:/Users/nayak/Desktop/MSIS_Files/IDD_CNN_inference/idd20k_lite/leftImg8bit/train\446\0037547_image.jpg,1
C:/Users/nayak/Desktop/MSIS_Files/IDD_CNN_inference/idd20k_lite/leftImg8bit/train\446\0039017_image.jpg,1
C:/Users/nayak/Desktop/MSIS_Files/IDD_CNN_inference/idd20k_lite/leftImg8bit/train\448\frame2129_image.jpg,0
C:/Users/nayak/Desktop/MSIS_Files/IDD_CNN_inference/idd20k_lite/leftImg8bit/train\449\frame1634_image.jpg,1
C:/Users/nayak/Desktop/MSIS_Files/IDD_CNN_inference/idd20k_lite/leftImg8bit/train\449\frame2054_image.jpg,0
C:/Users/nayak/Desktop/MSIS_Files/IDD_CNN_inference/idd20k_lite/leftImg8bit/train\45\068732_image.jpg,0
C:/Users/nayak/Desktop/MSIS_Files/IDD_CNN_inference/idd20k_lite/leftImg8bit/train\45\073777_image.jpg,0
C:/Users/nayak/Desktop/MSIS_Files/IDD_CNN_inference/idd20k_lite/leftImg8bit/train\45\792210_image.jpg,1
C:/Users/nayak/Desktop/MSIS_Files/IDD_CNN_inference/idd20k_lite/leftImg8bit/train\45\793684_image.jpg,1
C:/Users/nayak/Desktop/MSIS_Files/IDD_CNN_inference/idd20k_lite/leftImg8bit/train\45\943824_image.jpg,1
C:/Users/nayak/Desktop/MSIS_Files/IDD_CNN_inference/idd20k_lite/leftImg8bit/train\452\0000192_image.jpg,1
C:/Users/nayak/Desktop/MSIS_Files/IDD_CNN_inference/idd20k_lite/leftImg8bit/train\452\0000280_image.jpg,1
C:/Users/nayak/Desktop/MSIS_Files/IDD_CNN_inference/idd20k_lite/leftImg8bit/train\452\0000540_image.jpg,1
C:/Users/nayak/Desktop/MSIS_Files/IDD_CNN_inference/idd20k_lite/leftImg8bit/train\452\0004023_image.jpg,1
C:/Users/nayak/Desktop/MSIS_Files/IDD_CNN_inference/idd20k_lite/leftImg8bit/train\453\0003540_image.jpg,1
C:/Users/nayak/Desktop/MSIS_Files/IDD_CNN_inference/idd20k_lite/leftImg8bit/train\453\0004695_image.jpg,1
C:/Users/nayak/Desktop/MSIS_Files/IDD_CNN_inference/idd20k_lite/leftImg8bit/train\453\0006335_image.jpg,1
C:/Users/nayak/Desktop/MSIS_Files/IDD_CNN_inference/idd20k_lite/leftImg8bit/train\453\0008680_image.jpg,1
C:/Users/nayak/Desktop/MSIS_Files/IDD_CNN_inference/idd20k_lite/leftImg8bit/train\453\0011806_image.jpg,1
C:/Users/nayak/Desktop/MSIS_Files/IDD_CNN_inference/idd20k_lite/leftImg8bit/train\453\0012054_image.jpg,1
C:/Users/nayak/Desktop/MSIS_Files/IDD_CNN_inference/idd20k_lite/leftImg8bit/train\453\0012289_image.jpg,1
C:/Users/nayak/Desktop/MSIS_Files/IDD_CNN_inference/idd20k_lite/leftImg8bit/train\453\0013240_image.jpg,1
C:/Users/nayak/Desktop/MSIS_Files/IDD_CNN_inference/idd20k_lite/leftImg8bit/train\454\frame0005_image.jpg,0
C:/Users/nayak/Desktop/MSIS_Files/IDD_CNN_inference/idd20k_lite/leftImg8bit/train\455\frame0839_image.jpg,1
C:/Users/nayak/Desktop/MSIS_Files/IDD_CNN_inference/idd20k_lite/leftImg8bit/train\457\frame2099_image.jpg,0
C:/Users/nayak/Desktop/MSIS_Files/IDD_CNN_inference/idd20k_lite/leftImg8bit/train\46\063917_image.jpg,1
C:/Users/nayak/Desktop/MSIS_Files/IDD_CNN_inference/idd20k_lite/leftImg8bit/train\46\303131_image.jpg,1
C:/Users/nayak/Desktop/MSIS_Files/IDD_CNN_inference/idd20k_lite/leftImg8bit/train\46\434491_image.jpg,1
C:/Users/nayak/Desktop/MSIS_Files/IDD_CNN_inference/idd20k_lite/leftImg8bit/train\46\663473_image.jpg,1
C:/Users/nayak/Desktop/MSIS_Files/IDD_CNN_inference/idd20k_lite/leftImg8bit/train\46\870394_image.jpg,1
C:/Users/nayak/Desktop/MSIS_Files/IDD_CNN_inference/idd20k_lite/leftImg8bit/train\46\988380_image.jpg,0
C:/Users/nayak/Desktop/MSIS_Files/IDD_CNN_inference/idd20k_lite/leftImg8bit/train\460\frame11179_image.jpg,1
C:/Users/nayak/Desktop/MSIS_Files/IDD_CNN_inference/idd20k_lite/leftImg8bit/train\460\frame12348_image.jpg,1
C:/Users/nayak/Desktop/MSIS_Files/IDD_CNN_inference/idd20k_lite/leftImg8bit/train\460\frame13397_image.jpg,0
C:/Users/nayak/Desktop/MSIS_Files/IDD_CNN_inference/idd20k_lite/leftImg8bit/train\460\frame16893_image.jpg,0
C:/Users/nayak/Desktop/MSIS_Files/IDD_CNN_inference/idd20k_lite/leftImg8bit/train\460\frame17466_image.jpg,0
C:/Users/nayak/Desktop/MSIS_Files/IDD_CNN_inference/idd20k_lite/leftImg8bit/train\460\frame19139_image.jpg,0
C:/Users/nayak/Desktop/MSIS_Files/IDD_CNN_inference/idd20k_lite/leftImg8bit/train\460\frame20484_image.jpg,0
C:/Users/nayak/Desktop/MSIS_Files/IDD_CNN_inference/idd20k_lite/leftImg8bit/train\460\frame3363_image.jpg,0
C:/Users/nayak/Desktop/MSIS_Files/IDD_CNN_inference/idd20k_lite/leftImg8bit/train\460\frame41502_image.jpg,1
C:/Users/nayak/Desktop/MSIS_Files/IDD_CNN_inference/idd20k_lite/leftImg8bit/train\460\frame41720_image.jpg,1
C:/Users/nayak/Desktop/MSIS_Files/IDD_CNN_inference/idd20k_lite/leftImg8bit/train\460\frame42802_image.jpg,0
C:/Users/nayak/Desktop/MSIS_Files/IDD_CNN_inference/idd20k_lite/leftImg8bit/train\460\frame44357_image.jpg,0
C:/Users/nayak/Desktop/MSIS_Files/IDD_CNN_inference/idd20k_lite/leftImg8bit/train\460\frame47202_image.jpg,0
C:/Users/nayak/Desktop/MSIS_Files/IDD_CNN_inference/idd20k_lite/leftImg8bit/train\460\frame5033_image.jpg,0
C:/Users/nayak/Desktop/MSIS_Files/IDD_CNN_inference/idd20k_lite/leftImg8bit/train\460\frame56020_image.jpg,1
C:/Users/nayak/Desktop/MSIS_Files/IDD_CNN_inference/idd20k_lite/leftImg8bit/train\460\frame59057_image.jpg,1
C:/Users/nayak/Desktop/MSIS_Files/IDD_CNN_inference/idd20k_lite/leftImg8bit/train\460\frame64239_image.jpg,1
C:/Users/nayak/Desktop/MSIS_Files/IDD_CNN_inference/idd20k_lite/leftImg8bit/train\460\frame67884_image.jpg,0
C:/Users/nayak/Desktop/MSIS_Files/IDD_CNN_inference/idd20k_lite/leftImg8bit/train\460\frame70766_image.jpg,1
C:/Users/nayak/Desktop/MSIS_Files/IDD_CNN_inference/idd20k_lite/leftImg8bit/train\460\frame70993_image.jpg,1
C:/Users/nayak/Desktop/MSIS_Files/IDD_CNN_inference/idd20k_lite/leftImg8bit/train\462\frame2329_image.jpg,0
C:/Users/nayak/Desktop/MSIS_Files/IDD_CNN_inference/idd20k_lite/leftImg8bit/train\464\frame0239_image.jpg,0
C:/Users/nayak/Desktop/MSIS_Files/IDD_CNN_inference/idd20k_lite/leftImg8bit/train\465\0001055_image.jpg,1
C:/Users/nayak/Desktop/MSIS_Files/IDD_CNN_inference/idd20k_lite/leftImg8bit/train\467\frame2739_image.jpg,0
C:/Users/nayak/Desktop/MSIS_Files/IDD_CNN_inference/idd20k_lite/leftImg8bit/train\467\frame7149_image.jpg,1
C:/Users/nayak/Desktop/MSIS_Files/IDD_CNN_inference/idd20k_lite/leftImg8bit/train\467\frame8919_image.jpg,1
C:/Users/nayak/Desktop/MSIS_Files/IDD_CNN_inference/idd20k_lite/leftImg8bit/train\467\frame9309_image.jpg,1
C:/Users/nayak/Desktop/MSIS_Files/IDD_CNN_inference/idd20k_lite/leftImg8bit/train\468\frame4209_image.jpg,0
C:/Users/nayak/Desktop/MSIS_Files/IDD_CNN_inference/idd20k_lite/leftImg8bit/train\469\frame0224_image.jpg,1
C:/Users/nayak/Desktop/MSIS_Files/IDD_CNN_inference/idd20k_lite/leftImg8bit/train\469\frame12021_image.jpg,1
C:/Users/nayak/Desktop/MSIS_Files/IDD_CNN_inference/idd20k_lite/leftImg8bit/train\470\0001149_image.jpg,1
C:/Users/nayak/Desktop/MSIS_Files/IDD_CNN_inference/idd20k_lite/leftImg8bit/train\470\0001435_image.jpg,1
C:/Users/nayak/Desktop/MSIS_Files/IDD_CNN_inference/idd20k_lite/leftImg8bit/train\470\0003365_image.jpg,1
C:/Users/nayak/Desktop/MSIS_Files/IDD_CNN_inference/idd20k_lite/leftImg8bit/train\470\0004257_image.jpg,1
C:/Users/nayak/Desktop/MSIS_Files/IDD_CNN_inference/idd20k_lite/leftImg8bit/train\470\0004491_image.jpg,1
C:/Users/nayak/Desktop/MSIS_Files/IDD_CNN_inference/idd20k_lite/leftImg8bit/train\470\0006244_image.jpg,1
C:/Users/nayak/Desktop/MSIS_Files/IDD_CNN_inference/idd20k_lite/leftImg8bit/train\470\0009760_image.jpg,1
C:/Users/nayak/Desktop/MSIS_Files/IDD_CNN_inference/idd20k_lite/leftImg8bit/train\470\0011803_image.jpg,1
C:/Users/nayak/Desktop/MSIS_Files/IDD_CNN_inference/idd20k_lite/leftImg8bit/train\470\0012123_image.jpg,1
C:/Users/nayak/Desktop/MSIS_Files/IDD_CNN_inference/idd20k_lite/leftImg8bit/train\470\0012656_image.jpg,1
C:/Users/nayak/Desktop/MSIS_Files/IDD_CNN_inference/idd20k_lite/leftImg8bit/train\470\0019344_image.jpg,1
C:/Users/nayak/Desktop/MSIS_Files/IDD_CNN_inference/idd20k_lite/leftImg8bit/train\470\0020058_image.jpg,1
C:/Users/nayak/Desktop/MSIS_Files/IDD_CNN_inference/idd20k_lite/leftImg8bit/train\470\0036078_image.jpg,1
C:/Users/nayak/Desktop/MSIS_Files/IDD_CNN_inference/idd20k_lite/leftImg8bit/train\470\0038965_image.jpg,0
C:/Users/nayak/Desktop/MSIS_Files/IDD_CNN_inference/idd20k_lite/leftImg8bit/train\470\0040979_image.jpg,1
C:/Users/nayak/Desktop/MSIS_Files/IDD_CNN_inference/idd20k_lite/leftImg8bit/train\470\0047082_image.jpg,1
C:/Users/nayak/Desktop/MSIS_Files/IDD_CNN_inference/idd20k_lite/leftImg8bit/train\471\0003290_image.jpg,1
C:/Users/nayak/Desktop/MSIS_Files/IDD_CNN_inference/idd20k_lite/leftImg8bit/train\472\frame0992_image.jpg,1
C:/Users/nayak/Desktop/MSIS_Files/IDD_CNN_inference/idd20k_lite/leftImg8bit/train\472\frame24567_image.jpg,1
C:/Users/nayak/Desktop/MSIS_Files/IDD_CNN_inference/idd20k_lite/leftImg8bit/train\472\frame3339_image.jpg,1
C:/Users/nayak/Desktop/MSIS_Files/IDD_CNN_inference/idd20k_lite/leftImg8bit/train\472\frame34862_image.jpg,1
C:/Users/nayak/Desktop/MSIS_Files/IDD_CNN_inference/idd20k_lite/leftImg8bit/train\472\frame45253_image.jpg,0
C:/Users/nayak/Desktop/MSIS_Files/IDD_CNN_inference/idd20k_lite/leftImg8bit/train\472\frame59844_image.jpg,0
C:/Users/nayak/Desktop/MSIS_Files/IDD_CNN_inference/idd20k_lite/leftImg8bit/train\472\frame60267_image.jpg,1
C:/Users/nayak/Desktop/MSIS_Files/IDD_CNN_inference/idd20k_lite/leftImg8bit/train\473\frame13242_image.jpg,1
C:/Users/nayak/Desktop/MSIS_Files/IDD_CNN_inference/idd20k_lite/leftImg8bit/train\475\frame0155_image.jpg,0
C:/Users/nayak/Desktop/MSIS_Files/IDD_CNN_inference/idd20k_lite/leftImg8bit/train\476\frame33274_image.jpg,0
C:/Users/nayak/Desktop/MSIS_Files/IDD_CNN_inference/idd20k_lite/leftImg8bit/train\476\frame34374_image.jpg,1
C:/Users/nayak/Desktop/MSIS_Files/IDD_CNN_inference/idd20k_lite/leftImg8bit/train\476\frame85874_image.jpg,1
C:/Users/nayak/Desktop/MSIS_Files/IDD_CNN_inference/idd20k_lite/leftImg8bit/train\476\frame88492_image.jpg,1
C:/Users/nayak/Desktop/MSIS_Files/IDD_CNN_inference/idd20k_lite/leftImg8bit/train\477\frame0160_image.jpg,1
C:/Users/nayak/Desktop/MSIS_Files/IDD_CNN_inference/idd20k_lite/leftImg8bit/train\478\frame0839_image.jpg,1
C:/Users/nayak/Desktop/MSIS_Files/IDD_CNN_inference/idd20k_lite/leftImg8bit/train\479\frame9654_image.jpg,0
C:/Users/nayak/Desktop/MSIS_Files/IDD_CNN_inference/idd20k_lite/leftImg8bit/train\48\135874_image.jpg,1
C:/Users/nayak/Desktop/MSIS_Files/IDD_CNN_inference/idd20k_lite/leftImg8bit/train\48\220631_image.jpg,1
C:/Users/nayak/Desktop/MSIS_Files/IDD_CNN_inference/idd20k_lite/leftImg8bit/train\48\441440_image.jpg,1
C:/Users/nayak/Desktop/MSIS_Files/IDD_CNN_inference/idd20k_lite/leftImg8bit/train\48\511354_image.jpg,0
C:/Users/nayak/Desktop/MSIS_Files/IDD_CNN_inference/idd20k_lite/leftImg8bit/train\48\652395_image.jpg,0
C:/Users/nayak/Desktop/MSIS_Files/IDD_CNN_inference/idd20k_lite/leftImg8bit/train\48\712833_image.jpg,1
C:/Users/nayak/Desktop/MSIS_Files/IDD_CNN_inference/idd20k_lite/leftImg8bit/train\48\840605_image.jpg,1
C:/Users/nayak/Desktop/MSIS_Files/IDD_CNN_inference/idd20k_lite/leftImg8bit/train\48\910738_image.jpg,0
C:/Users/nayak/Desktop/MSIS_Files/IDD_CNN_inference/idd20k_lite/leftImg8bit/train\48\911678_image.jpg,1
C:/Users/nayak/Desktop/MSIS_Files/IDD_CNN_inference/idd20k_lite/leftImg8bit/train\482\frame3637_image.jpg,0
C:/Users/nayak/Desktop/MSIS_Files/IDD_CNN_inference/idd20k_lite/leftImg8bit/train\483\frame12580_image.jpg,0
C:/Users/nayak/Desktop/MSIS_Files/IDD_CNN_inference/idd20k_lite/leftImg8bit/train\483\frame12664_image.jpg,0
C:/Users/nayak/Desktop/MSIS_Files/IDD_CNN_inference/idd20k_lite/leftImg8bit/train\483\frame12693_image.jpg,0
C:/Users/nayak/Desktop/MSIS_Files/IDD_CNN_inference/idd20k_lite/leftImg8bit/train\483\frame14917_image.jpg,1
C:/Users/nayak/Desktop/MSIS_Files/IDD_CNN_inference/idd20k_lite/leftImg8bit/train\483\frame16558_image.jpg,1
C:/Users/nayak/Desktop/MSIS_Files/IDD_CNN_inference/idd20k_lite/leftImg8bit/train\483\frame2390_image.jpg,1
C:/Users/nayak/Desktop/MSIS_Files/IDD_CNN_inference/idd20k_lite/leftImg8bit/train\483\frame2685_image.jpg,1
C:/Users/nayak/Desktop/MSIS_Files/IDD_CNN_inference/idd20k_lite/leftImg8bit/train\483\frame5684_image.jpg,1
C:/Users/nayak/Desktop/MSIS_Files/IDD_CNN_inference/idd20k_lite/leftImg8bit/train\483\frame6832_image.jpg,1
C:/Users/nayak/Desktop/MSIS_Files/IDD_CNN_inference/idd20k_lite/leftImg8bit/train\483\frame9707_image.jpg,1
C:/Users/nayak/Desktop/MSIS_Files/IDD_CNN_inference/idd20k_lite/leftImg8bit/train\483\frame9781_image.jpg,1
C:/Users/nayak/Desktop/MSIS_Files/IDD_CNN_inference/idd20k_lite/leftImg8bit/train\489\0002554_image.jpg,1
C:/Users/nayak/Desktop/MSIS_Files/IDD_CNN_inference/idd20k_lite/leftImg8bit/train\489\0003909_image.jpg,1
C:/Users/nayak/Desktop/MSIS_Files/IDD_CNN_inference/idd20k_lite/leftImg8bit/train\489\0008015_image.jpg,1
C:/Users/nayak/Desktop/MSIS_Files/IDD_CNN_inference/idd20k_lite/leftImg8bit/train\489\0012437_image.jpg,1
C:/Users/nayak/Desktop/MSIS_Files/IDD_CNN_inference/idd20k_lite/leftImg8bit/train\489\0012584_image.jpg,1
C:/Users/nayak/Desktop/MSIS_Files/IDD_CNN_inference/idd20k_lite/leftImg8bit/train\49\038935_image.jpg,0
C:/Users/nayak/Desktop/MSIS_Files/IDD_CNN_inference/idd20k_lite/leftImg8bit/train\49\264440_image.jpg,1
C:/Users/nayak/Desktop/MSIS_Files/IDD_CNN_inference/idd20k_lite/leftImg8bit/train\49\406219_image.jpg,1
C:/Users/nayak/Desktop/MSIS_Files/IDD_CNN_inference/idd20k_lite/leftImg8bit/train\49\497746_image.jpg,1
C:/Users/nayak/Desktop/MSIS_Files/IDD_CNN_inference/idd20k_lite/leftImg8bit/train\49\599263_image.jpg,0
C:/Users/nayak/Desktop/MSIS_Files/IDD_CNN_inference/idd20k_lite/leftImg8bit/train\49\642814_image.jpg,0
C:/Users/nayak/Desktop/MSIS_Files/IDD_CNN_inference/idd20k_lite/leftImg8bit/train\49\689346_image.jpg,1
C:/Users/nayak/Desktop/MSIS_Files/IDD_CNN_inference/idd20k_lite/leftImg8bit/train\49\825174_image.jpg,0
C:/Users/nayak/Desktop/MSIS_Files/IDD_CNN_inference/idd20k_lite/leftImg8bit/train\49\906575_image.jpg,0
C:/Users/nayak/Desktop/MSIS_Files/IDD_CNN_inference/idd20k_lite/leftImg8bit/train\490\frame31930_image.jpg,0
C:/Users/nayak/Desktop/MSIS_Files/IDD_CNN_inference/idd20k_lite/leftImg8bit/train\490\frame32421_image.jpg,0
C:/Users/nayak/Desktop/MSIS_Files/IDD_CNN_inference/idd20k_lite/leftImg8bit/train\490\frame33826_image.jpg,1
C:/Users/nayak/Desktop/MSIS_Files/IDD_CNN_inference/idd20k_lite/leftImg8bit/train\490\frame34603_image.jpg,1
C:/Users/nayak/Desktop/MSIS_Files/IDD_CNN_inference/idd20k_lite/leftImg8bit/train\491\frame21064_image.jpg,1
C:/Users/nayak/Desktop/MSIS_Files/IDD_CNN_inference/idd20k_lite/leftImg8bit/train\493\0000704_image.jpg,1
C:/Users/nayak/Desktop/MSIS_Files/IDD_CNN_inference/idd20k_lite/leftImg8bit/train\498\frame11830_image.jpg,0
C:/Users/nayak/Desktop/MSIS_Files/IDD_CNN_inference/idd20k_lite/leftImg8bit/train\498\frame13617_image.jpg,0
C:/Users/nayak/Desktop/MSIS_Files/IDD_CNN_inference/idd20k_lite/leftImg8bit/train\498\frame19044_image.jpg,0
C:/Users/nayak/Desktop/MSIS_Files/IDD_CNN_inference/idd20k_lite/leftImg8bit/train\498\frame19944_image.jpg,0
C:/Users/nayak/Desktop/MSIS_Files/IDD_CNN_inference/idd20k_lite/leftImg8bit/train\498\frame4069_image.jpg,0
C:/Users/nayak/Desktop/MSIS_Files/IDD_CNN_inference/idd20k_lite/leftImg8bit/train\498\frame4198_image.jpg,0
C:/Users/nayak/Desktop/MSIS_Files/IDD_CNN_inference/idd20k_lite/leftImg8bit/train\498\frame5100_image.jpg,0
C:/Users/nayak/Desktop/MSIS_Files/IDD_CNN_inference/idd20k_lite/leftImg8bit/train\499\frame0599_image.jpg,0
C:/Users/nayak/Desktop/MSIS_Files/IDD_CNN_inference/idd20k_lite/leftImg8bit/train\499\frame2369_image.jpg,0
C:/Users/nayak/Desktop/MSIS_Files/IDD_CNN_inference/idd20k_lite/leftImg8bit/train\5\002054_image.jpg,1
C:/Users/nayak/Desktop/MSIS_Files/IDD_CNN_inference/idd20k_lite/leftImg8bit/train\5\004906_image.jpg,1
C:/Users/nayak/Desktop/MSIS_Files/IDD_CNN_inference/idd20k_lite/leftImg8bit/train\5\007079_image.jpg,0
C:/Users/nayak/Desktop/MSIS_Files/IDD_CNN_inference/idd20k_lite/leftImg8bit/train\5\007844_image.jpg,1
C:/Users/nayak/Desktop/MSIS_Files/IDD_CNN_inference/idd20k_lite/leftImg8bit/train\5\007919_image.jpg,0
C:/Users/nayak/Desktop/MSIS_Files/IDD_CNN_inference/idd20k_lite/leftImg8bit/train\5\009779_image.jpg,0
C:/Users/nayak/Desktop/MSIS_Files/IDD_CNN_inference/idd20k_lite/leftImg8bit/train\5\017473_image.jpg,1
C:/Users/nayak/Desktop/MSIS_Files/IDD_CNN_inference/idd20k_lite/leftImg8bit/train\5\017698_image.jpg,1
C:/Users/nayak/Desktop/MSIS_Files/IDD_CNN_inference/idd20k_lite/leftImg8bit/train\5\021987_image.jpg,1
C:/Users/nayak/Desktop/MSIS_Files/IDD_CNN_inference/idd20k_lite/leftImg8bit/train\5\022101_image.jpg,1
C:/Users/nayak/Desktop/MSIS_Files/IDD_CNN_inference/idd20k_lite/leftImg8bit/train\501\frame3028_image.jpg,1
C:/Users/nayak/Desktop/MSIS_Files/IDD_CNN_inference/idd20k_lite/leftImg8bit/train\502\frame10085_image.jpg,1
C:/Users/nayak/Desktop/MSIS_Files/IDD_CNN_inference/idd20k_lite/leftImg8bit/train\502\frame104100_image.jpg,1
C:/Users/nayak/Desktop/MSIS_Files/IDD_CNN_inference/idd20k_lite/leftImg8bit/train\502\frame106813_image.jpg,1
C:/Users/nayak/Desktop/MSIS_Files/IDD_CNN_inference/idd20k_lite/leftImg8bit/train\502\frame11358_image.jpg,1
C:/Users/nayak/Desktop/MSIS_Files/IDD_CNN_inference/idd20k_lite/leftImg8bit/train\502\frame18658_image.jpg,1
C:/Users/nayak/Desktop/MSIS_Files/IDD_CNN_inference/idd20k_lite/leftImg8bit/train\502\frame27003_image.jpg,1
C:/Users/nayak/Desktop/MSIS_Files/IDD_CNN_inference/idd20k_lite/leftImg8bit/train\502\frame45812_image.jpg,1
C:/Users/nayak/Desktop/MSIS_Files/IDD_CNN_inference/idd20k_lite/leftImg8bit/train\502\frame5014_image.jpg,1
C:/Users/nayak/Desktop/MSIS_Files/IDD_CNN_inference/idd20k_lite/leftImg8bit/train\502\frame77158_image.jpg,1
C:/Users/nayak/Desktop/MSIS_Files/IDD_CNN_inference/idd20k_lite/leftImg8bit/train\502\frame9994_image.jpg,1
C:/Users/nayak/Desktop/MSIS_Files/IDD_CNN_inference/idd20k_lite/leftImg8bit/train\503\frame10917_image.jpg,0
C:/Users/nayak/Desktop/MSIS_Files/IDD_CNN_inference/idd20k_lite/leftImg8bit/train\503\frame13099_image.jpg,0
C:/Users/nayak/Desktop/MSIS_Files/IDD_CNN_inference/idd20k_lite/leftImg8bit/train\505\frame27653_image.jpg,1
C:/Users/nayak/Desktop/MSIS_Files/IDD_CNN_inference/idd20k_lite/leftImg8bit/train\506\frame3974_image.jpg,0
C:/Users/nayak/Desktop/MSIS_Files/IDD_CNN_inference/idd20k_lite/leftImg8bit/train\506\frame5324_image.jpg,1
C:/Users/nayak/Desktop/MSIS_Files/IDD_CNN_inference/idd20k_lite/leftImg8bit/train\508\0001657_image.jpg,1
C:/Users/nayak/Desktop/MSIS_Files/IDD_CNN_inference/idd20k_lite/leftImg8bit/train\508\0002078_image.jpg,1
C:/Users/nayak/Desktop/MSIS_Files/IDD_CNN_inference/idd20k_lite/leftImg8bit/train\508\0003384_image.jpg,1
C:/Users/nayak/Desktop/MSIS_Files/IDD_CNN_inference/idd20k_lite/leftImg8bit/train\512\frame1434_image.jpg,1
C:/Users/nayak/Desktop/MSIS_Files/IDD_CNN_inference/idd20k_lite/leftImg8bit/train\512\frame16271_image.jpg,1
C:/Users/nayak/Desktop/MSIS_Files/IDD_CNN_inference/idd20k_lite/leftImg8bit/train\512\frame1759_image.jpg,1
C:/Users/nayak/Desktop/MSIS_Files/IDD_CNN_inference/idd20k_lite/leftImg8bit/train\512\frame17862_image.jpg,1
C:/Users/nayak/Desktop/MSIS_Files/IDD_CNN_inference/idd20k_lite/leftImg8bit/train\512\frame18044_image.jpg,1
C:/Users/nayak/Desktop/MSIS_Files/IDD_CNN_inference/idd20k_lite/leftImg8bit/train\512\frame18930_image.jpg,1
C:/Users/nayak/Desktop/MSIS_Files/IDD_CNN_inference/idd20k_lite/leftImg8bit/train\512\frame1934_image.jpg,1
C:/Users/nayak/Desktop/MSIS_Files/IDD_CNN_inference/idd20k_lite/leftImg8bit/train\512\frame19658_image.jpg,1
C:/Users/nayak/Desktop/MSIS_Files/IDD_CNN_inference/idd20k_lite/leftImg8bit/train\512\frame4442_image.jpg,1
C:/Users/nayak/Desktop/MSIS_Files/IDD_CNN_inference/idd20k_lite/leftImg8bit/train\512\frame5267_image.jpg,1
C:/Users/nayak/Desktop/MSIS_Files/IDD_CNN_inference/idd20k_lite/leftImg8bit/train\512\frame5867_image.jpg,1
C:/Users/nayak/Desktop/MSIS_Files/IDD_CNN_inference/idd20k_lite/leftImg8bit/train\512\frame8842_image.jpg,1
C:/Users/nayak/Desktop/MSIS_Files/IDD_CNN_inference/idd20k_lite/leftImg8bit/train\513\frame1379_image.jpg,1
C:/Users/nayak/Desktop/MSIS_Files/IDD_CNN_inference/idd20k_lite/leftImg8bit/train\517\frame0016_image.jpg,1
C:/Users/nayak/Desktop/MSIS_Files/IDD_CNN_inference/idd20k_lite/leftImg8bit/train\517\frame5449_image.jpg,1
C:/Users/nayak/Desktop/MSIS_Files/IDD_CNN_inference/idd20k_lite/leftImg8bit/train\517\frame7299_image.jpg,1
C:/Users/nayak/Desktop/MSIS_Files/IDD_CNN_inference/idd20k_lite/leftImg8bit/train\517\frame8349_image.jpg,1
C:/Users/nayak/Desktop/MSIS_Files/IDD_CNN_inference/idd20k_lite/leftImg8bit/train\519\frame20626_image.jpg,1
C:/Users/nayak/Desktop/MSIS_Files/IDD_CNN_inference/idd20k_lite/leftImg8bit/train\52\003246_image.jpg,0
C:/Users/nayak/Desktop/MSIS_Files/IDD_CNN_inference/idd20k_lite/leftImg8bit/train\52\003366_image.jpg,0
C:/Users/nayak/Desktop/MSIS_Files/IDD_CNN_inference/idd20k_lite/leftImg8bit/train\52\003486_image.jpg,0
C:/Users/nayak/Desktop/MSIS_Files/IDD_CNN_inference/idd20k_lite/leftImg8bit/train\52\018539_image.jpg,1
C:/Users/nayak/Desktop/MSIS_Files/IDD_CNN_inference/idd20k_lite/leftImg8bit/train\52\018614_image.jpg,1
C:/Users/nayak/Desktop/MSIS_Files/IDD_CNN_inference/idd20k_lite/leftImg8bit/train\52\018809_image.jpg,1
C:/Users/nayak/Desktop/MSIS_Files/IDD_CNN_inference/idd20k_lite/leftImg8bit/train\52\018929_image.jpg,1
C:/Users/nayak/Desktop/MSIS_Files/IDD_CNN_inference/idd20k_lite/leftImg8bit/train\52\018974_image.jpg,1
C:/Users/nayak/Desktop/MSIS_Files/IDD_CNN_inference/idd20k_lite/leftImg8bit/train\52\020395_image.jpg,1
C:/Users/nayak/Desktop/MSIS_Files/IDD_CNN_inference/idd20k_lite/leftImg8bit/train\52\020455_image.jpg,1
C:/Users/nayak/Desktop/MSIS_Files/IDD_CNN_inference/idd20k_lite/leftImg8bit/train\52\021198_image.jpg,1
C:/Users/nayak/Desktop/MSIS_Files/IDD_CNN_inference/idd20k_lite/leftImg8bit/train\52\021791_image.jpg,1
C:/Users/nayak/Desktop/MSIS_Files/IDD_CNN_inference/idd20k_lite/leftImg8bit/train\52\025743_image.jpg,1
C:/Users/nayak/Desktop/MSIS_Files/IDD_CNN_inference/idd20k_lite/leftImg8bit/train\52\025972_image.jpg,1
C:/Users/nayak/Desktop/MSIS_Files/IDD_CNN_inference/idd20k_lite/leftImg8bit/train\520\frame1184_image.jpg,0
C:/Users/nayak/Desktop/MSIS_Files/IDD_CNN_inference/idd20k_lite/leftImg8bit/train\522\frame0284_image.jpg,0
C:/Users/nayak/Desktop/MSIS_Files/IDD_CNN_inference/idd20k_lite/leftImg8bit/train\525\0000446_image.jpg,1
C:/Users/nayak/Desktop/MSIS_Files/IDD_CNN_inference/idd20k_lite/leftImg8bit/train\525\0002471_image.jpg,1
C:/Users/nayak/Desktop/MSIS_Files/IDD_CNN_inference/idd20k_lite/leftImg8bit/train\525\0003356_image.jpg,1
C:/Users/nayak/Desktop/MSIS_Files/IDD_CNN_inference/idd20k_lite/leftImg8bit/train\528\frame1409_image.jpg,0
C:/Users/nayak/Desktop/MSIS_Files/IDD_CNN_inference/idd20k_lite/leftImg8bit/train\529\frame8459_image.jpg,0
C:/Users/nayak/Desktop/MSIS_Files/IDD_CNN_inference/idd20k_lite/leftImg8bit/train\529\frame8804_image.jpg,0
C:/Users/nayak/Desktop/MSIS_Files/IDD_CNN_inference/idd20k_lite/leftImg8bit/train\53\098951_image.jpg,1
C:/Users/nayak/Desktop/MSIS_Files/IDD_CNN_inference/idd20k_lite/leftImg8bit/train\53\122196_image.jpg,1
C:/Users/nayak/Desktop/MSIS_Files/IDD_CNN_inference/idd20k_lite/leftImg8bit/train\53\412120_image.jpg,1
C:/Users/nayak/Desktop/MSIS_Files/IDD_CNN_inference/idd20k_lite/leftImg8bit/train\53\566200_image.jpg,1
C:/Users/nayak/Desktop/MSIS_Files/IDD_CNN_inference/idd20k_lite/leftImg8bit/train\53\783565_image.jpg,1
C:/Users/nayak/Desktop/MSIS_Files/IDD_CNN_inference/idd20k_lite/leftImg8bit/train\53\904080_image.jpg,1
C:/Users/nayak/Desktop/MSIS_Files/IDD_CNN_inference/idd20k_lite/leftImg8bit/train\53\971359_image.jpg,1
C:/Users/nayak/Desktop/MSIS_Files/IDD_CNN_inference/idd20k_lite/leftImg8bit/train\530\frame2187_image.jpg,1
C:/Users/nayak/Desktop/MSIS_Files/IDD_CNN_inference/idd20k_lite/leftImg8bit/train\532\0000002_image.jpg,1
C:/Users/nayak/Desktop/MSIS_Files/IDD_CNN_inference/idd20k_lite/leftImg8bit/train\532\0001216_image.jpg,1
C:/Users/nayak/Desktop/MSIS_Files/IDD_CNN_inference/idd20k_lite/leftImg8bit/train\532\0002124_image.jpg,1
C:/Users/nayak/Desktop/MSIS_Files/IDD_CNN_inference/idd20k_lite/leftImg8bit/train\532\0015588_image.jpg,1
C:/Users/nayak/Desktop/MSIS_Files/IDD_CNN_inference/idd20k_lite/leftImg8bit/train\532\0016013_image.jpg,1
C:/Users/nayak/Desktop/MSIS_Files/IDD_CNN_inference/idd20k_lite/leftImg8bit/train\532\0018613_image.jpg,1
C:/Users/nayak/Desktop/MSIS_Files/IDD_CNN_inference/idd20k_lite/leftImg8bit/train\532\0018898_image.jpg,1
C:/Users/nayak/Desktop/MSIS_Files/IDD_CNN_inference/idd20k_lite/leftImg8bit/train\532\0021984_image.jpg,1
C:/Users/nayak/Desktop/MSIS_Files/IDD_CNN_inference/idd20k_lite/leftImg8bit/train\532\0022486_image.jpg,1
C:/Users/nayak/Desktop/MSIS_Files/IDD_CNN_inference/idd20k_lite/leftImg8bit/train\532\0027229_image.jpg,1
C:/Users/nayak/Desktop/MSIS_Files/IDD_CNN_inference/idd20k_lite/leftImg8bit/train\539\0000342_image.jpg,1
C:/Users/nayak/Desktop/MSIS_Files/IDD_CNN_inference/idd20k_lite/leftImg8bit/train\540\0003471_image.jpg,0
C:/Users/nayak/Desktop/MSIS_Files/IDD_CNN_inference/idd20k_lite/leftImg8bit/train\540\0005772_image.jpg,0
C:/Users/nayak/Desktop/MSIS_Files/IDD_CNN_inference/idd20k_lite/leftImg8bit/train\540\0007774_image.jpg,1
C:/Users/nayak/Desktop/MSIS_Files/IDD_CNN_inference/idd20k_lite/leftImg8bit/train\540\0009828_image.jpg,1
C:/Users/nayak/Desktop/MSIS_Files/IDD_CNN_inference/idd20k_lite/leftImg8bit/train\540\0017148_image.jpg,1
C:/Users/nayak/Desktop/MSIS_Files/IDD_CNN_inference/idd20k_lite/leftImg8bit/train\540\0019590_image.jpg,1
C:/Users/nayak/Desktop/MSIS_Files/IDD_CNN_inference/idd20k_lite/leftImg8bit/train\540\0020428_image.jpg,1
C:/Users/nayak/Desktop/MSIS_Files/IDD_CNN_inference/idd20k_lite/leftImg8bit/train\540\0021548_image.jpg,1
C:/Users/nayak/Desktop/MSIS_Files/IDD_CNN_inference/idd20k_lite/leftImg8bit/train\540\0021882_image.jpg,1
C:/Users/nayak/Desktop/MSIS_Files/IDD_CNN_inference/idd20k_lite/leftImg8bit/train\540\0026606_image.jpg,1
C:/Users/nayak/Desktop/MSIS_Files/IDD_CNN_inference/idd20k_lite/leftImg8bit/train\540\0031459_image.jpg,1
C:/Users/nayak/Desktop/MSIS_Files/IDD_CNN_inference/idd20k_lite/leftImg8bit/train\540\0036132_image.jpg,1
C:/Users/nayak/Desktop/MSIS_Files/IDD_CNN_inference/idd20k_lite/leftImg8bit/train\540\0045586_image.jpg,1
C:/Users/nayak/Desktop/MSIS_Files/IDD_CNN_inference/idd20k_lite/leftImg8bit/train\540\0045748_image.jpg,1
C:/Users/nayak/Desktop/MSIS_Files/IDD_CNN_inference/idd20k_lite/leftImg8bit/train\541\0000654_image.jpg,1
C:/Users/nayak/Desktop/MSIS_Files/IDD_CNN_inference/idd20k_lite/leftImg8bit/train\541\0002392_image.jpg,1
C:/Users/nayak/Desktop/MSIS_Files/IDD_CNN_inference/idd20k_lite/leftImg8bit/train\543\frame5345_image.jpg,0
C:/Users/nayak/Desktop/MSIS_Files/IDD_CNN_inference/idd20k_lite/leftImg8bit/train\543\frame6745_image.jpg,1
C:/Users/nayak/Desktop/MSIS_Files/IDD_CNN_inference/idd20k_lite/leftImg8bit/train\544\0000444_image.jpg,1
C:/Users/nayak/Desktop/MSIS_Files/IDD_CNN_inference/idd20k_lite/leftImg8bit/train\544\0003865_image.jpg,1
C:/Users/nayak/Desktop/MSIS_Files/IDD_CNN_inference/idd20k_lite/leftImg8bit/train\544\0004070_image.jpg,1
C:/Users/nayak/Desktop/MSIS_Files/IDD_CNN_inference/idd20k_lite/leftImg8bit/train\544\0004856_image.jpg,0
C:/Users/nayak/Desktop/MSIS_Files/IDD_CNN_inference/idd20k_lite/leftImg8bit/train\544\0005977_image.jpg,1
C:/Users/nayak/Desktop/MSIS_Files/IDD_CNN_inference/idd20k_lite/leftImg8bit/train\544\0010050_image.jpg,0
C:/Users/nayak/Desktop/MSIS_Files/IDD_CNN_inference/idd20k_lite/leftImg8bit/train\544\0010753_image.jpg,1
C:/Users/nayak/Desktop/MSIS_Files/IDD_CNN_inference/idd20k_lite/leftImg8bit/train\544\0011001_image.jpg,1
C:/Users/nayak/Desktop/MSIS_Files/IDD_CNN_inference/idd20k_lite/leftImg8bit/train\544\0011310_image.jpg,1
C:/Users/nayak/Desktop/MSIS_Files/IDD_CNN_inference/idd20k_lite/leftImg8bit/train\547\0000822_image.jpg,1
C:/Users/nayak/Desktop/MSIS_Files/IDD_CNN_inference/idd20k_lite/leftImg8bit/train\547\0001033_image.jpg,1
C:/Users/nayak/Desktop/MSIS_Files/IDD_CNN_inference/idd20k_lite/leftImg8bit/train\547\0002331_image.jpg,1
C:/Users/nayak/Desktop/MSIS_Files/IDD_CNN_inference/idd20k_lite/leftImg8bit/train\547\0002418_image.jpg,1
C:/Users/nayak/Desktop/MSIS_Files/IDD_CNN_inference/idd20k_lite/leftImg8bit/train\548\0001440_image.jpg,1
C:/Users/nayak/Desktop/MSIS_Files/IDD_CNN_inference/idd20k_lite/leftImg8bit/train\548\0002929_image.jpg,1
C:/Users/nayak/Desktop/MSIS_Files/IDD_CNN_inference/idd20k_lite/leftImg8bit/train\548\0004919_image.jpg,1
C:/Users/nayak/Desktop/MSIS_Files/IDD_CNN_inference/idd20k_lite/leftImg8bit/train\548\0006329_image.jpg,1
C:/Users/nayak/Desktop/MSIS_Files/IDD_CNN_inference/idd20k_lite/leftImg8bit/train\548\0014281_image.jpg,1
C:/Users/nayak/Desktop/MSIS_Files/IDD_CNN_inference/idd20k_lite/leftImg8bit/train\548\0014868_image.jpg,1
C:/Users/nayak/Desktop/MSIS_Files/IDD_CNN_inference/idd20k_lite/leftImg8bit/train\548\0015823_image.jpg,1
C:/Users/nayak/Desktop/MSIS_Files/IDD_CNN_inference/idd20k_lite/leftImg8bit/train\548\0016056_image.jpg,1
C:/Users/nayak/Desktop/MSIS_Files/IDD_CNN_inference/idd20k_lite/leftImg8bit/train\548\0021314_image.jpg,1
C:/Users/nayak/Desktop/MSIS_Files/IDD_CNN_inference/idd20k_lite/leftImg8bit/train\548\0022311_image.jpg,1
C:/Users/nayak/Desktop/MSIS_Files/IDD_CNN_inference/idd20k_lite/leftImg8bit/train\548\0022659_image.jpg,1
C:/Users/nayak/Desktop/MSIS_Files/IDD_CNN_inference/idd20k_lite/leftImg8bit/train\548\0023711_image.jpg,1
C:/Users/nayak/Desktop/MSIS_Files/IDD_CNN_inference/idd20k_lite/leftImg8bit/train\548\0023892_image.jpg,1
C:/Users/nayak/Desktop/MSIS_Files/IDD_CNN_inference/idd20k_lite/leftImg8bit/train\548\0025961_image.jpg,1
C:/Users/nayak/Desktop/MSIS_Files/IDD_CNN_inference/idd20k_lite/leftImg8bit/train\548\0026793_image.jpg,1
C:/Users/nayak/Desktop/MSIS_Files/IDD_CNN_inference/idd20k_lite/leftImg8bit/train\548\0029056_image.jpg,1
C:/Users/nayak/Desktop/MSIS_Files/IDD_CNN_inference/idd20k_lite/leftImg8bit/train\548\0029661_image.jpg,1
C:/Users/nayak/Desktop/MSIS_Files/IDD_CNN_inference/idd20k_lite/leftImg8bit/train\548\0031362_image.jpg,1
C:/Users/nayak/Desktop/MSIS_Files/IDD_CNN_inference/idd20k_lite/leftImg8bit/train\548\0034112_image.jpg,1
C:/Users/nayak/Desktop/MSIS_Files/IDD_CNN_inference/idd20k_lite/leftImg8bit/train\548\0041079_image.jpg,1
C:/Users/nayak/Desktop/MSIS_Files/IDD_CNN_inference/idd20k_lite/leftImg8bit/train\548\0043118_image.jpg,1
C:/Users/nayak/Desktop/MSIS_Files/IDD_CNN_inference/idd20k_lite/leftImg8bit/train\550\0000502_image.jpg,1
C:/Users/nayak/Desktop/MSIS_Files/IDD_CNN_inference/idd20k_lite/leftImg8bit/train\551\frame35599_image.jpg,0
C:/Users/nayak/Desktop/MSIS_Files/IDD_CNN_inference/idd20k_lite/leftImg8bit/train\551\frame7540_image.jpg,0
C:/Users/nayak/Desktop/MSIS_Files/IDD_CNN_inference/idd20k_lite/leftImg8bit/train\554\frame21739_image.jpg,1
C:/Users/nayak/Desktop/MSIS_Files/IDD_CNN_inference/idd20k_lite/leftImg8bit/train\554\frame2516_image.jpg,1
C:/Users/nayak/Desktop/MSIS_Files/IDD_CNN_inference/idd20k_lite/leftImg8bit/train\556\frame0134_image.jpg,0
C:/Users/nayak/Desktop/MSIS_Files/IDD_CNN_inference/idd20k_lite/leftImg8bit/train\556\frame4394_image.jpg,0
C:/Users/nayak/Desktop/MSIS_Files/IDD_CNN_inference/idd20k_lite/leftImg8bit/train\56\329610_image.jpg,1
C:/Users/nayak/Desktop/MSIS_Files/IDD_CNN_inference/idd20k_lite/leftImg8bit/train\56\606044_image.jpg,1
C:/Users/nayak/Desktop/MSIS_Files/IDD_CNN_inference/idd20k_lite/leftImg8bit/train\56\770605_image.jpg,1
C:/Users/nayak/Desktop/MSIS_Files/IDD_CNN_inference/idd20k_lite/leftImg8bit/train\560\0000247_image.jpg,1
C:/Users/nayak/Desktop/MSIS_Files/IDD_CNN_inference/idd20k_lite/leftImg8bit/train\561\0000367_image.jpg,1
C:/Users/nayak/Desktop/MSIS_Files/IDD_CNN_inference/idd20k_lite/leftImg8bit/train\563\frame15253_image.jpg,0
C:/Users/nayak/Desktop/MSIS_Files/IDD_CNN_inference/idd20k_lite/leftImg8bit/train\563\frame16785_image.jpg,0
C:/Users/nayak/Desktop/MSIS_Files/IDD_CNN_inference/idd20k_lite/leftImg8bit/train\563\frame4724_image.jpg,0
C:/Users/nayak/Desktop/MSIS_Files/IDD_CNN_inference/idd20k_lite/leftImg8bit/train\563\frame7694_image.jpg,0
C:/Users/nayak/Desktop/MSIS_Files/IDD_CNN_inference/idd20k_lite/leftImg8bit/train\564\frame1409_image.jpg,1
C:/Users/nayak/Desktop/MSIS_Files/IDD_CNN_inference/idd20k_lite/leftImg8bit/train\57\081037_image.jpg,1
C:/Users/nayak/Desktop/MSIS_Files/IDD_CNN_inference/idd20k_lite/leftImg8bit/train\57\095450_image.jpg,1
C:/Users/nayak/Desktop/MSIS_Files/IDD_CNN_inference/idd20k_lite/leftImg8bit/train\57\123572_image.jpg,1
C:/Users/nayak/Desktop/MSIS_Files/IDD_CNN_inference/idd20k_lite/leftImg8bit/train\57\498375_image.jpg,1
C:/Users/nayak/Desktop/MSIS_Files/IDD_CNN_inference/idd20k_lite/leftImg8bit/train\57\500089_image.jpg,1
C:/Users/nayak/Desktop/MSIS_Files/IDD_CNN_inference/idd20k_lite/leftImg8bit/train\57\762426_image.jpg,1
C:/Users/nayak/Desktop/MSIS_Files/IDD_CNN_inference/idd20k_lite/leftImg8bit/train\573\frame10932_image.jpg,1
C:/Users/nayak/Desktop/MSIS_Files/IDD_CNN_inference/idd20k_lite/leftImg8bit/train\573\frame14011_image.jpg,1
C:/Users/nayak/Desktop/MSIS_Files/IDD_CNN_inference/idd20k_lite/leftImg8bit/train\573\frame32444_image.jpg,0
C:/Users/nayak/Desktop/MSIS_Files/IDD_CNN_inference/idd20k_lite/leftImg8bit/train\575\frame15144_image.jpg,0
C:/Users/nayak/Desktop/MSIS_Files/IDD_CNN_inference/idd20k_lite/leftImg8bit/train\577\frame24835_image.jpg,0
C:/Users/nayak/Desktop/MSIS_Files/IDD_CNN_inference/idd20k_lite/leftImg8bit/train\578\frame0533_image.jpg,1
C:/Users/nayak/Desktop/MSIS_Files/IDD_CNN_inference/idd20k_lite/leftImg8bit/train\578\frame10696_image.jpg,1
C:/Users/nayak/Desktop/MSIS_Files/IDD_CNN_inference/idd20k_lite/leftImg8bit/train\578\frame2958_image.jpg,1
C:/Users/nayak/Desktop/MSIS_Files/IDD_CNN_inference/idd20k_lite/leftImg8bit/train\578\frame3633_image.jpg,1
C:/Users/nayak/Desktop/MSIS_Files/IDD_CNN_inference/idd20k_lite/leftImg8bit/train\578\frame3741_image.jpg,1
C:/Users/nayak/Desktop/MSIS_Files/IDD_CNN_inference/idd20k_lite/leftImg8bit/train\578\frame7958_image.jpg,1
C:/Users/nayak/Desktop/MSIS_Files/IDD_CNN_inference/idd20k_lite/leftImg8bit/train\578\frame8508_image.jpg,1
C:/Users/nayak/Desktop/MSIS_Files/IDD_CNN_inference/idd20k_lite/leftImg8bit/train\59\114277_image.jpg,1
C:/Users/nayak/Desktop/MSIS_Files/IDD_CNN_inference/idd20k_lite/leftImg8bit/train\59\197688_image.jpg,1
C:/Users/nayak/Desktop/MSIS_Files/IDD_CNN_inference/idd20k_lite/leftImg8bit/train\59\338479_image.jpg,1
C:/Users/nayak/Desktop/MSIS_Files/IDD_CNN_inference/idd20k_lite/leftImg8bit/train\59\407095_image.jpg,1
C:/Users/nayak/Desktop/MSIS_Files/IDD_CNN_inference/idd20k_lite/leftImg8bit/train\59\531483_image.jpg,1
C:/Users/nayak/Desktop/MSIS_Files/IDD_CNN_inference/idd20k_lite/leftImg8bit/train\59\578996_image.jpg,1
C:/Users/nayak/Desktop/MSIS_Files/IDD_CNN_inference/idd20k_lite/leftImg8bit/train\59\652560_image.jpg,1
C:/Users/nayak/Desktop/MSIS_Files/IDD_CNN_inference/idd20k_lite/leftImg8bit/train\6\001325_image.jpg,1
C:/Users/nayak/Desktop/MSIS_Files/IDD_CNN_inference/idd20k_lite/leftImg8bit/train\6\021155_image.jpg,1
C:/Users/nayak/Desktop/MSIS_Files/IDD_CNN_inference/idd20k_lite/leftImg8bit/train\6\192249_image.jpg,1
C:/Users/nayak/Desktop/MSIS_Files/IDD_CNN_inference/idd20k_lite/leftImg8bit/train\6\192470_image.jpg,1
C:/Users/nayak/Desktop/MSIS_Files/IDD_CNN_inference/idd20k_lite/leftImg8bit/train\6\192933_image.jpg,1
C:/Users/nayak/Desktop/MSIS_Files/IDD_CNN_inference/idd20k_lite/leftImg8bit/train\6\226722_image.jpg,1
C:/Users/nayak/Desktop/MSIS_Files/IDD_CNN_inference/idd20k_lite/leftImg8bit/train\6\292646_image.jpg,1
C:/Users/nayak/Desktop/MSIS_Files/IDD_CNN_inference/idd20k_lite/leftImg8bit/train\6\361065_image.jpg,1
C:/Users/nayak/Desktop/MSIS_Files/IDD_CNN_inference/idd20k_lite/leftImg8bit/train\6\563125_image.jpg,1
C:/Users/nayak/Desktop/MSIS_Files/IDD_CNN_inference/idd20k_lite/leftImg8bit/train\6\593407_image.jpg,1
C:/Users/nayak/Desktop/MSIS_Files/IDD_CNN_inference/idd20k_lite/leftImg8bit/train\6\594461_image.jpg,1
C:/Users/nayak/Desktop/MSIS_Files/IDD_CNN_inference/idd20k_lite/leftImg8bit/train\6\738218_image.jpg,1
C:/Users/nayak/Desktop/MSIS_Files/IDD_CNN_inference/idd20k_lite/leftImg8bit/train\6\804403_image.jpg,1
C:/Users/nayak/Desktop/MSIS_Files/IDD_CNN_inference/idd20k_lite/leftImg8bit/train\6\810374_image.jpg,1
C:/Users/nayak/Desktop/MSIS_Files/IDD_CNN_inference/idd20k_lite/leftImg8bit/train\6\930866_image.jpg,1
C:/Users/nayak/Desktop/MSIS_Files/IDD_CNN_inference/idd20k_lite/leftImg8bit/train\60\000216_image.jpg,1
C:/Users/nayak/Desktop/MSIS_Files/IDD_CNN_inference/idd20k_lite/leftImg8bit/train\63\020075_image.jpg,0
C:/Users/nayak/Desktop/MSIS_Files/IDD_CNN_inference/idd20k_lite/leftImg8bit/train\63\045182_image.jpg,1
C:/Users/nayak/Desktop/MSIS_Files/IDD_CNN_inference/idd20k_lite/leftImg8bit/train\63\060156_image.jpg,1
C:/Users/nayak/Desktop/MSIS_Files/IDD_CNN_inference/idd20k_lite/leftImg8bit/train\63\086568_image.jpg,0
C:/Users/nayak/Desktop/MSIS_Files/IDD_CNN_inference/idd20k_lite/leftImg8bit/train\63\165227_image.jpg,1
C:/Users/nayak/Desktop/MSIS_Files/IDD_CNN_inference/idd20k_lite/leftImg8bit/train\63\226372_image.jpg,0
C:/Users/nayak/Desktop/MSIS_Files/IDD_CNN_inference/idd20k_lite/leftImg8bit/train\63\292033_image.jpg,0
C:/Users/nayak/Desktop/MSIS_Files/IDD_CNN_inference/idd20k_lite/leftImg8bit/train\63\381722_image.jpg,1
C:/Users/nayak/Desktop/MSIS_Files/IDD_CNN_inference/idd20k_lite/leftImg8bit/train\63\401117_image.jpg,1
C:/Users/nayak/Desktop/MSIS_Files/IDD_CNN_inference/idd20k_lite/leftImg8bit/train\63\402482_image.jpg,0
C:/Users/nayak/Desktop/MSIS_Files/IDD_CNN_inference/idd20k_lite/leftImg8bit/train\63\427145_image.jpg,0
C:/Users/nayak/Desktop/MSIS_Files/IDD_CNN_inference/idd20k_lite/leftImg8bit/train\63\441412_image.jpg,1
C:/Users/nayak/Desktop/MSIS_Files/IDD_CNN_inference/idd20k_lite/leftImg8bit/train\63\486389_image.jpg,1
C:/Users/nayak/Desktop/MSIS_Files/IDD_CNN_inference/idd20k_lite/leftImg8bit/train\63\545719_image.jpg,0
C:/Users/nayak/Desktop/MSIS_Files/IDD_CNN_inference/idd20k_lite/leftImg8bit/train\63\579530_image.jpg,1
C:/Users/nayak/Desktop/MSIS_Files/IDD_CNN_inference/idd20k_lite/leftImg8bit/train\63\599123_image.jpg,0
C:/Users/nayak/Desktop/MSIS_Files/IDD_CNN_inference/idd20k_lite/leftImg8bit/train\63\660653_image.jpg,1
C:/Users/nayak/Desktop/MSIS_Files/IDD_CNN_inference/idd20k_lite/leftImg8bit/train\63\697321_image.jpg,1
C:/Users/nayak/Desktop/MSIS_Files/IDD_CNN_inference/idd20k_lite/leftImg8bit/train\63\741628_image.jpg,1
C:/Users/nayak/Desktop/MSIS_Files/IDD_CNN_inference/idd20k_lite/leftImg8bit/train\63\857646_image.jpg,1
C:/Users/nayak/Desktop/MSIS_Files/IDD_CNN_inference/idd20k_lite/leftImg8bit/train\63\887807_image.jpg,1
C:/Users/nayak/Desktop/MSIS_Files/IDD_CNN_inference/idd20k_lite/leftImg8bit/train\63\891709_image.jpg,1
C:/Users/nayak/Desktop/MSIS_Files/IDD_CNN_inference/idd20k_lite/leftImg8bit/train\63\900548_image.jpg,1
C:/Users/nayak/Desktop/MSIS_Files/IDD_CNN_inference/idd20k_lite/leftImg8bit/train\63\937777_image.jpg,1
C:/Users/nayak/Desktop/MSIS_Files/IDD_CNN_inference/idd20k_lite/leftImg8bit/train\63\949698_image.jpg,0
C:/Users/nayak/Desktop/MSIS_Files/IDD_CNN_inference/idd20k_lite/leftImg8bit/train\63\952651_image.jpg,0
C:/Users/nayak/Desktop/MSIS_Files/IDD_CNN_inference/idd20k_lite/leftImg8bit/train\63\965922_image.jpg,1
C:/Users/nayak/Desktop/MSIS_Files/IDD_CNN_inference/idd20k_lite/leftImg8bit/train\63\968610_image.jpg,1
C:/Users/nayak/Desktop/MSIS_Files/IDD_CNN_inference/idd20k_lite/leftImg8bit/train\64\404847_image.jpg,1
C:/Users/nayak/Desktop/MSIS_Files/IDD_CNN_inference/idd20k_lite/leftImg8bit/train\64\408519_image.jpg,1
C:/Users/nayak/Desktop/MSIS_Files/IDD_CNN_inference/idd20k_lite/leftImg8bit/train\64\752501_image.jpg,1
C:/Users/nayak/Desktop/MSIS_Files/IDD_CNN_inference/idd20k_lite/leftImg8bit/train\65\458896_image.jpg,1
C:/Users/nayak/Desktop/MSIS_Files/IDD_CNN_inference/idd20k_lite/leftImg8bit/train\65\524537_image.jpg,1
C:/Users/nayak/Desktop/MSIS_Files/IDD_CNN_inference/idd20k_lite/leftImg8bit/train\65\674886_image.jpg,0
C:/Users/nayak/Desktop/MSIS_Files/IDD_CNN_inference/idd20k_lite/leftImg8bit/train\65\872878_image.jpg,1
C:/Users/nayak/Desktop/MSIS_Files/IDD_CNN_inference/idd20k_lite/leftImg8bit/train\65\995255_image.jpg,0
C:/Users/nayak/Desktop/MSIS_Files/IDD_CNN_inference/idd20k_lite/leftImg8bit/train\68\006553_image.jpg,1
C:/Users/nayak/Desktop/MSIS_Files/IDD_CNN_inference/idd20k_lite/leftImg8bit/train\68\009976_image.jpg,1
C:/Users/nayak/Desktop/MSIS_Files/IDD_CNN_inference/idd20k_lite/leftImg8bit/train\68\010576_image.jpg,1
C:/Users/nayak/Desktop/MSIS_Files/IDD_CNN_inference/idd20k_lite/leftImg8bit/train\68\014476_image.jpg,1
C:/Users/nayak/Desktop/MSIS_Files/IDD_CNN_inference/idd20k_lite/leftImg8bit/train\68\015676_image.jpg,0
C:/Users/nayak/Desktop/MSIS_Files/IDD_CNN_inference/idd20k_lite/leftImg8bit/train\68\019576_image.jpg,1
C:/Users/nayak/Desktop/MSIS_Files/IDD_CNN_inference/idd20k_lite/leftImg8bit/train\69\014221_image.jpg,1
C:/Users/nayak/Desktop/MSIS_Files/IDD_CNN_inference/idd20k_lite/leftImg8bit/train\69\016340_image.jpg,1
C:/Users/nayak/Desktop/MSIS_Files/IDD_CNN_inference/idd20k_lite/leftImg8bit/train\7\107934_image.jpg,0
C:/Users/nayak/Desktop/MSIS_Files/IDD_CNN_inference/idd20k_lite/leftImg8bit/train\7\140819_image.jpg,1
C:/Users/nayak/Desktop/MSIS_Files/IDD_CNN_inference/idd20k_lite/leftImg8bit/train\7\529503_image.jpg,1
C:/Users/nayak/Desktop/MSIS_Files/IDD_CNN_inference/idd20k_lite/leftImg8bit/train\7\662556_image.jpg,1
C:/Users/nayak/Desktop/MSIS_Files/IDD_CNN_inference/idd20k_lite/leftImg8bit/train\70\104856_image.jpg,1
C:/Users/nayak/Desktop/MSIS_Files/IDD_CNN_inference/idd20k_lite/leftImg8bit/train\70\130351_image.jpg,1
C:/Users/nayak/Desktop/MSIS_Files/IDD_CNN_inference/idd20k_lite/leftImg8bit/train\70\262555_image.jpg,1
C:/Users/nayak/Desktop/MSIS_Files/IDD_CNN_inference/idd20k_lite/leftImg8bit/train\70\477753_image.jpg,1
C:/Users/nayak/Desktop/MSIS_Files/IDD_CNN_inference/idd20k_lite/leftImg8bit/train\70\587361_image.jpg,1
C:/Users/nayak/Desktop/MSIS_Files/IDD_CNN_inference/idd20k_lite/leftImg8bit/train\70\630264_image.jpg,1
C:/Users/nayak/Desktop/MSIS_Files/IDD_CNN_inference/idd20k_lite/leftImg8bit/train\70\643798_image.jpg,1
C:/Users/nayak/Desktop/MSIS_Files/IDD_CNN_inference/idd20k_lite/leftImg8bit/train\70\759400_image.jpg,1
C:/Users/nayak/Desktop/MSIS_Files/IDD_CNN_inference/idd20k_lite/leftImg8bit/train\70\964837_image.jpg,1
C:/Users/nayak/Desktop/MSIS_Files/IDD_CNN_inference/idd20k_lite/leftImg8bit/train\70\971263_image.jpg,1
C:/Users/nayak/Desktop/MSIS_Files/IDD_CNN_inference/idd20k_lite/leftImg8bit/train\72\610767_image.jpg,0
C:/Users/nayak/Desktop/MSIS_Files/IDD_CNN_inference/idd20k_lite/leftImg8bit/train\72\753511_image.jpg,1
C:/Users/nayak/Desktop/MSIS_Files/IDD_CNN_inference/idd20k_lite/leftImg8bit/train\75\015933_image.jpg,1
C:/Users/nayak/Desktop/MSIS_Files/IDD_CNN_inference/idd20k_lite/leftImg8bit/train\75\050841_image.jpg,0
C:/Users/nayak/Desktop/MSIS_Files/IDD_CNN_inference/idd20k_lite/leftImg8bit/train\75\218217_image.jpg,1
C:/Users/nayak/Desktop/MSIS_Files/IDD_CNN_inference/idd20k_lite/leftImg8bit/train\75\431385_image.jpg,1
C:/Users/nayak/Desktop/MSIS_Files/IDD_CNN_inference/idd20k_lite/leftImg8bit/train\75\455758_image.jpg,1
C:/Users/nayak/Desktop/MSIS_Files/IDD_CNN_inference/idd20k_lite/leftImg8bit/train\76\236735_image.jpg,1
C:/Users/nayak/Desktop/MSIS_Files/IDD_CNN_inference/idd20k_lite/leftImg8bit/train\76\438410_image.jpg,1
C:/Users/nayak/Desktop/MSIS_Files/IDD_CNN_inference/idd20k_lite/leftImg8bit/train\76\854592_image.jpg,1
C:/Users/nayak/Desktop/MSIS_Files/IDD_CNN_inference/idd20k_lite/leftImg8bit/train\77\119240_image.jpg,1
C:/Users/nayak/Desktop/MSIS_Files/IDD_CNN_inference/idd20k_lite/leftImg8bit/train\77\150238_image.jpg,1
C:/Users/nayak/Desktop/MSIS_Files/IDD_CNN_inference/idd20k_lite/leftImg8bit/train\77\241266_image.jpg,1
C:/Users/nayak/Desktop/MSIS_Files/IDD_CNN_inference/idd20k_lite/leftImg8bit/train\77\245884_image.jpg,1
C:/Users/nayak/Desktop/MSIS_Files/IDD_CNN_inference/idd20k_lite/leftImg8bit/train\77\318920_image.jpg,0
C:/Users/nayak/Desktop/MSIS_Files/IDD_CNN_inference/idd20k_lite/leftImg8bit/train\77\321057_image.jpg,0
C:/Users/nayak/Desktop/MSIS_Files/IDD_CNN_inference/idd20k_lite/leftImg8bit/train\77\321485_image.jpg,1
C:/Users/nayak/Desktop/MSIS_Files/IDD_CNN_inference/idd20k_lite/leftImg8bit/train\77\425535_image.jpg,1
C:/Users/nayak/Desktop/MSIS_Files/IDD_CNN_inference/idd20k_lite/leftImg8bit/train\77\492453_image.jpg,0
C:/Users/nayak/Desktop/MSIS_Files/IDD_CNN_inference/idd20k_lite/leftImg8bit/train\77\647961_image.jpg,1
C:/Users/nayak/Desktop/MSIS_Files/IDD_CNN_inference/idd20k_lite/leftImg8bit/train\77\660472_image.jpg,1
C:/Users/nayak/Desktop/MSIS_Files/IDD_CNN_inference/idd20k_lite/leftImg8bit/train\77\820509_image.jpg,1
C:/Users/nayak/Desktop/MSIS_Files/IDD_CNN_inference/idd20k_lite/leftImg8bit/train\77\836564_image.jpg,1
C:/Users/nayak/Desktop/MSIS_Files/IDD_CNN_inference/idd20k_lite/leftImg8bit/train\77\912649_image.jpg,0
C:/Users/nayak/Desktop/MSIS_Files/IDD_CNN_inference/idd20k_lite/leftImg8bit/train\77\916752_image.jpg,0
C:/Users/nayak/Desktop/MSIS_Files/IDD_CNN_inference/idd20k_lite/leftImg8bit/train\77\986698_image.jpg,1
C:/Users/nayak/Desktop/MSIS_Files/IDD_CNN_inference/idd20k_lite/leftImg8bit/train\78\003506_image.jpg,0
C:/Users/nayak/Desktop/MSIS_Files/IDD_CNN_inference/idd20k_lite/leftImg8bit/train\78\006121_image.jpg,0
C:/Users/nayak/Desktop/MSIS_Files/IDD_CNN_inference/idd20k_lite/leftImg8bit/train\78\257193_image.jpg,0
C:/Users/nayak/Desktop/MSIS_Files/IDD_CNN_inference/idd20k_lite/leftImg8bit/train\79\012790_image.jpg,0
C:/Users/nayak/Desktop/MSIS_Files/IDD_CNN_inference/idd20k_lite/leftImg8bit/train\79\013186_image.jpg,1
C:/Users/nayak/Desktop/MSIS_Files/IDD_CNN_inference/idd20k_lite/leftImg8bit/train\79\015074_image.jpg,1
C:/Users/nayak/Desktop/MSIS_Files/IDD_CNN_inference/idd20k_lite/leftImg8bit/train\79\027076_image.jpg,0
C:/Users/nayak/Desktop/MSIS_Files/IDD_CNN_inference/idd20k_lite/leftImg8bit/train\80\090522_image.jpg,0
C:/Users/nayak/Desktop/MSIS_Files/IDD_CNN_inference/idd20k_lite/leftImg8bit/train\80\110170_image.jpg,1
C:/Users/nayak/Desktop/MSIS_Files/IDD_CNN_inference/idd20k_lite/leftImg8bit/train\80\166100_image.jpg,0
C:/Users/nayak/Desktop/MSIS_Files/IDD_CNN_inference/idd20k_lite/leftImg8bit/train\80\192466_image.jpg,0
C:/Users/nayak/Desktop/MSIS_Files/IDD_CNN_inference/idd20k_lite/leftImg8bit/train\80\211213_image.jpg,1
C:/Users/nayak/Desktop/MSIS_Files/IDD_CNN_inference/idd20k_lite/leftImg8bit/train\80\248687_image.jpg,0
C:/Users/nayak/Desktop/MSIS_Files/IDD_CNN_inference/idd20k_lite/leftImg8bit/train\80\399534_image.jpg,0
C:/Users/nayak/Desktop/MSIS_Files/IDD_CNN_inference/idd20k_lite/leftImg8bit/train\80\431992_image.jpg,0
C:/Users/nayak/Desktop/MSIS_Files/IDD_CNN_inference/idd20k_lite/leftImg8bit/train\80\503960_image.jpg,0
C:/Users/nayak/Desktop/MSIS_Files/IDD_CNN_inference/idd20k_lite/leftImg8bit/train\80\506700_image.jpg,0
C:/Users/nayak/Desktop/MSIS_Files/IDD_CNN_inference/idd20k_lite/leftImg8bit/train\80\549757_image.jpg,0
C:/Users/nayak/Desktop/MSIS_Files/IDD_CNN_inference/idd20k_lite/leftImg8bit/train\80\566724_image.jpg,1
C:/Users/nayak/Desktop/MSIS_Files/IDD_CNN_inference/idd20k_lite/leftImg8bit/train\80\721164_image.jpg,0
C:/Users/nayak/Desktop/MSIS_Files/IDD_CNN_inference/idd20k_lite/leftImg8bit/train\80\781188_image.jpg,0
C:/Users/nayak/Desktop/MSIS_Files/IDD_CNN_inference/idd20k_lite/leftImg8bit/train\80\840415_image.jpg,0
C:/Users/nayak/Desktop/MSIS_Files/IDD_CNN_inference/idd20k_lite/leftImg8bit/train\80\914224_image.jpg,0
C:/Users/nayak/Desktop/MSIS_Files/IDD_CNN_inference/idd20k_lite/leftImg8bit/train\80\978273_image.jpg,0
C:/Users/nayak/Desktop/MSIS_Files/IDD_CNN_inference/idd20k_lite/leftImg8bit/train\80\985422_image.jpg,0
C:/Users/nayak/Desktop/MSIS_Files/IDD_CNN_inference/idd20k_lite/leftImg8bit/train\81\235184_image.jpg,1
C:/Users/nayak/Desktop/MSIS_Files/IDD_CNN_inference/idd20k_lite/leftImg8bit/train\81\680622_image.jpg,1
C:/Users/nayak/Desktop/MSIS_Files/IDD_CNN_inference/idd20k_lite/leftImg8bit/train\81\790330_image.jpg,0
C:/Users/nayak/Desktop/MSIS_Files/IDD_CNN_inference/idd20k_lite/leftImg8bit/train\81\916102_image.jpg,1
C:/Users/nayak/Desktop/MSIS_Files/IDD_CNN_inference/idd20k_lite/leftImg8bit/train\84\004094_image.jpg,0
C:/Users/nayak/Desktop/MSIS_Files/IDD_CNN_inference/idd20k_lite/leftImg8bit/train\84\007480_image.jpg,1
C:/Users/nayak/Desktop/MSIS_Files/IDD_CNN_inference/idd20k_lite/leftImg8bit/train\84\014810_image.jpg,1
C:/Users/nayak/Desktop/MSIS_Files/IDD_CNN_inference/idd20k_lite/leftImg8bit/train\84\019930_image.jpg,1
C:/Users/nayak/Desktop/MSIS_Files/IDD_CNN_inference/idd20k_lite/leftImg8bit/train\84\022504_image.jpg,1
C:/Users/nayak/Desktop/MSIS_Files/IDD_CNN_inference/idd20k_lite/leftImg8bit/train\84\023764_image.jpg,1
C:/Users/nayak/Desktop/MSIS_Files/IDD_CNN_inference/idd20k_lite/leftImg8bit/train\84\026464_image.jpg,1
C:/Users/nayak/Desktop/MSIS_Files/IDD_CNN_inference/idd20k_lite/leftImg8bit/train\85\100914_image.jpg,1
C:/Users/nayak/Desktop/MSIS_Files/IDD_CNN_inference/idd20k_lite/leftImg8bit/train\85\138263_image.jpg,1
C:/Users/nayak/Desktop/MSIS_Files/IDD_CNN_inference/idd20k_lite/leftImg8bit/train\85\144667_image.jpg,1
C:/Users/nayak/Desktop/MSIS_Files/IDD_CNN_inference/idd20k_lite/leftImg8bit/train\85\307013_image.jpg,1
C:/Users/nayak/Desktop/MSIS_Files/IDD_CNN_inference/idd20k_lite/leftImg8bit/train\85\404966_image.jpg,1
C:/Users/nayak/Desktop/MSIS_Files/IDD_CNN_inference/idd20k_lite/leftImg8bit/train\85\406209_image.jpg,1
C:/Users/nayak/Desktop/MSIS_Files/IDD_CNN_inference/idd20k_lite/leftImg8bit/train\85\414177_image.jpg,0
C:/Users/nayak/Desktop/MSIS_Files/IDD_CNN_inference/idd20k_lite/leftImg8bit/train\85\511648_image.jpg,1
C:/Users/nayak/Desktop/MSIS_Files/IDD_CNN_inference/idd20k_lite/leftImg8bit/train\85\553957_image.jpg,1
C:/Users/nayak/Desktop/MSIS_Files/IDD_CNN_inference/idd20k_lite/leftImg8bit/train\85\558562_image.jpg,0
C:/Users/nayak/Desktop/MSIS_Files/IDD_CNN_inference/idd20k_lite/leftImg8bit/train\85\587860_image.jpg,1
C:/Users/nayak/Desktop/MSIS_Files/IDD_CNN_inference/idd20k_lite/leftImg8bit/train\85\646576_image.jpg,1
C:/Users/nayak/Desktop/MSIS_Files/IDD_CNN_inference/idd20k_lite/leftImg8bit/train\85\745116_image.jpg,0
C:/Users/nayak/Desktop/MSIS_Files/IDD_CNN_inference/idd20k_lite/leftImg8bit/train\85\808615_image.jpg,1
C:/Users/nayak/Desktop/MSIS_Files/IDD_CNN_inference/idd20k_lite/leftImg8bit/train\85\935555_image.jpg,1
C:/Users/nayak/Desktop/MSIS_Files/IDD_CNN_inference/idd20k_lite/leftImg8bit/train\86\030853_image.jpg,1
C:/Users/nayak/Desktop/MSIS_Files/IDD_CNN_inference/idd20k_lite/leftImg8bit/train\86\217562_image.jpg,1
C:/Users/nayak/Desktop/MSIS_Files/IDD_CNN_inference/idd20k_lite/leftImg8bit/train\87\029585_image.jpg,1
C:/Users/nayak/Desktop/MSIS_Files/IDD_CNN_inference/idd20k_lite/leftImg8bit/train\87\292116_image.jpg,1
C:/Users/nayak/Desktop/MSIS_Files/IDD_CNN_inference/idd20k_lite/leftImg8bit/train\87\293374_image.jpg,1
C:/Users/nayak/Desktop/MSIS_Files/IDD_CNN_inference/idd20k_lite/leftImg8bit/train\87\357164_image.jpg,1
C:/Users/nayak/Desktop/MSIS_Files/IDD_CNN_inference/idd20k_lite/leftImg8bit/train\87\367805_image.jpg,1
C:/Users/nayak/Desktop/MSIS_Files/IDD_CNN_inference/idd20k_lite/leftImg8bit/train\87\371008_image.jpg,1
C:/Users/nayak/Desktop/MSIS_Files/IDD_CNN_inference/idd20k_lite/leftImg8bit/train\87\376124_image.jpg,1
C:/Users/nayak/Desktop/MSIS_Files/IDD_CNN_inference/idd20k_lite/leftImg8bit/train\87\391435_image.jpg,1
C:/Users/nayak/Desktop/MSIS_Files/IDD_CNN_inference/idd20k_lite/leftImg8bit/train\87\702328_image.jpg,1
C:/Users/nayak/Desktop/MSIS_Files/IDD_CNN_inference/idd20k_lite/leftImg8bit/train\9\570310_image.jpg,1
C:/Users/nayak/Desktop/MSIS_Files/IDD_CNN_inference/idd20k_lite/leftImg8bit/train\9\932259_image.jpg,1
C:/Users/nayak/Desktop/MSIS_Files/IDD_CNN_inference/idd20k_lite/leftImg8bit/train\9\947011_image.jpg,1
C:/Users/nayak/Desktop/MSIS_Files/IDD_CNN_inference/idd20k_lite/leftImg8bit/train\90\107267_image.jpg,1
C:/Users/nayak/Desktop/MSIS_Files/IDD_CNN_inference/idd20k_lite/leftImg8bit/train\90\109188_image.jpg,1
C:/Users/nayak/Desktop/MSIS_Files/IDD_CNN_inference/idd20k_lite/leftImg8bit/train\90\226576_image.jpg,1
C:/Users/nayak/Desktop/MSIS_Files/IDD_CNN_inference/idd20k_lite/leftImg8bit/train\90\226734_image.jpg,1
C:/Users/nayak/Desktop/MSIS_Files/IDD_CNN_inference/idd20k_lite/leftImg8bit/train\91\423204_image.jpg,1
C:/Users/nayak/Desktop/MSIS_Files/IDD_CNN_inference/idd20k_lite/leftImg8bit/train\91\568006_image.jpg,1
C:/Users/nayak/Desktop/MSIS_Files/IDD_CNN_inference/idd20k_lite/leftImg8bit/train\91\658903_image.jpg,1
C:/Users/nayak/Desktop/MSIS_Files/IDD_CNN_inference/idd20k_lite/leftImg8bit/train\91\875048_image.jpg,1
C:/Users/nayak/Desktop/MSIS_Files/IDD_CNN_inference/idd20k_lite/leftImg8bit/train\93\003661_image.jpg,1
C:/Users/nayak/Desktop/MSIS_Files/IDD_CNN_inference/idd20k_lite/leftImg8bit/train\93\004802_image.jpg,1
C:/Users/nayak/Desktop/MSIS_Files/IDD_CNN_inference/idd20k_lite/leftImg8bit/train\93\006247_image.jpg,0
C:/Users/nayak/Desktop/MSIS_Files/IDD_CNN_inference/idd20k_lite/leftImg8bit/train\93\007147_image.jpg,0
C:/Users/nayak/Desktop/MSIS_Files/IDD_CNN_inference/idd20k_lite/leftImg8bit/train\93\010747_image.jpg,0
C:/Users/nayak/Desktop/MSIS_Files/IDD_CNN_inference/idd20k_lite/leftImg8bit/train\93\018247_image.jpg,0
C:/Users/nayak/Desktop/MSIS_Files/IDD_CNN_inference/idd20k_lite/leftImg8bit/train\93\019747_image.jpg,1
C:/Users/nayak/Desktop/MSIS_Files/IDD_CNN_inference/idd20k_lite/leftImg8bit/train\94\101972_image.jpg,0
C:/Users/nayak/Desktop/MSIS_Files/IDD_CNN_inference/idd20k_lite/leftImg8bit/train\94\104884_image.jpg,0
C:/Users/nayak/Desktop/MSIS_Files/IDD_CNN_inference/idd20k_lite/leftImg8bit/train\94\126888_image.jpg,0
C:/Users/nayak/Desktop/MSIS_Files/IDD_CNN_inference/idd20k_lite/leftImg8bit/train\94\130727_image.jpg,0
C:/Users/nayak/Desktop/MSIS_Files/IDD_CNN_inference/idd20k_lite/leftImg8bit/train\94\507085_image.jpg,0
C:/Users/nayak/Desktop/MSIS_Files/IDD_CNN_inference/idd20k_lite/leftImg8bit/train\94\507521_image.jpg,0
C:/Users/nayak/Desktop/MSIS_Files/IDD_CNN_inference/idd20k_lite/leftImg8bit/train\94\525378_image.jpg,0
C:/Users/nayak/Desktop/MSIS_Files/IDD_CNN_inference/idd20k_lite/leftImg8bit/train\94\567438_image.jpg,0
C:/Users/nayak/Desktop/MSIS_Files/IDD_CNN_inference/idd20k_lite/leftImg8bit/train\94\614500_image.jpg,0
C:/Users/nayak/Desktop/MSIS_Files/IDD_CNN_inference/idd20k_lite/leftImg8bit/train\94\728500_image.jpg,0
C:/Users/nayak/Desktop/MSIS_Files/IDD_CNN_inference/idd20k_lite/leftImg8bit/train\94\856978_image.jpg,0
C:/Users/nayak/Desktop/MSIS_Files/IDD_CNN_inference/idd20k_lite/leftImg8bit/train\94\861890_image.jpg,0
C:/Users/nayak/Desktop/MSIS_Files/IDD_CNN_inference/idd20k_lite/leftImg8bit/train\94\870698_image.jpg,0
C:/Users/nayak/Desktop/MSIS_Files/IDD_CNN_inference/idd20k_lite/leftImg8bit/train\95\349346_image.jpg,1
C:/Users/nayak/Desktop/MSIS_Files/IDD_CNN_inference/idd20k_lite/leftImg8bit/train\95\354004_image.jpg,1
C:/Users/nayak/Desktop/MSIS_Files/IDD_CNN_inference/idd20k_lite/leftImg8bit/train\95\488144_image.jpg,0
C:/Users/nayak/Desktop/MSIS_Files/IDD_CNN_inference/idd20k_lite/leftImg8bit/train\95\496780_image.jpg,1
C:/Users/nayak/Desktop/MSIS_Files/IDD_CNN_inference/idd20k_lite/leftImg8bit/train\95\501062_image.jpg,0
C:/Users/nayak/Desktop/MSIS_Files/IDD_CNN_inference/idd20k_lite/leftImg8bit/train\95\662718_image.jpg,1
C:/Users/nayak/Desktop/MSIS_Files/IDD_CNN_inference/idd20k_lite/leftImg8bit/train\95\940205_image.jpg,1
C:/Users/nayak/Desktop/MSIS_Files/IDD_CNN_inference/idd20k_lite/leftImg8bit/train\95\943609_image.jpg,1
C:/Users/nayak/Desktop/MSIS_Files/IDD_CNN_inference/idd20k_lite/leftImg8bit/train\96\090616_image.jpg,1
C:/Users/nayak/Desktop/MSIS_Files/IDD_CNN_inference/idd20k_lite/leftImg8bit/train\96\144547_image.jpg,1
C:/Users/nayak/Desktop/MSIS_Files/IDD_CNN_inference/idd20k_lite/leftImg8bit/train\96\162836_image.jpg,1
C:/Users/nayak/Desktop/MSIS_Files/IDD_CNN_inference/idd20k_lite/leftImg8bit/train\96\189474_image.jpg,1
C:/Users/nayak/Desktop/MSIS_Files/IDD_CNN_inference/idd20k_lite/leftImg8bit/train\96\228360_image.jpg,1
C:/Users/nayak/Desktop/MSIS_Files/IDD_CNN_inference/idd20k_lite/leftImg8bit/train\96\355117_image.jpg,1
C:/Users/nayak/Desktop/MSIS_Files/IDD_CNN_inference/idd20k_lite/leftImg8bit/train\96\394101_image.jpg,1
C:/Users/nayak/Desktop/MSIS_Files/IDD_CNN_inference/idd20k_lite/leftImg8bit/train\96\443193_image.jpg,1
C:/Users/nayak/Desktop/MSIS_Files/IDD_CNN_inference/idd20k_lite/leftImg8bit/train\96\456511_image.jpg,1
C:/Users/nayak/Desktop/MSIS_Files/IDD_CNN_inference/idd20k_lite/leftImg8bit/train\96\649255_image.jpg,1
C:/Users/nayak/Desktop/MSIS_Files/IDD_CNN_inference/idd20k_lite/leftImg8bit/train\96\650232_image.jpg,1
C:/Users/nayak/Desktop/MSIS_Files/IDD_CNN_inference/idd20k_lite/leftImg8bit/train\96\766332_image.jpg,1
C:/Users/nayak/Desktop/MSIS_Files/IDD_CNN_inference/idd20k_lite/leftImg8bit/train\96\770286_image.jpg,1
C:/Users/nayak/Desktop/MSIS_Files/IDD_CNN_inference/idd20k_lite/leftImg8bit/train\96\806231_image.jpg,1
C:/Users/nayak/Desktop/MSIS_Files/IDD_CNN_inference/idd20k_lite/leftImg8bit/train\96\810276_image.jpg,1
C:/Users/nayak/Desktop/MSIS_Files/IDD_CNN_inference/idd20k_lite/leftImg8bit/train\96\811686_image.jpg,1
C:/Users/nayak/Desktop/MSIS_Files/IDD_CNN_inference/idd20k_lite/leftImg8bit/train\96\890423_image.jpg,1
C:/Users/nayak/Desktop/MSIS_Files/IDD_CNN_inference/idd20k_lite/leftImg8bit/train\96\917332_image.jpg,1
C:/Users/nayak/Desktop/MSIS_Files/IDD_CNN_inference/idd20k_lite/leftImg8bit/train\98\038441_image.jpg,1
C:/Users/nayak/Desktop/MSIS_Files/IDD_CNN_inference/idd20k_lite/leftImg8bit/train\98\587273_image.jpg,1
C:/Users/nayak/Desktop/MSIS_Files/IDD_CNN_inference/idd20k_lite/leftImg8bit/train\98\752192_image.jpg,1
C:/Users/nayak/Desktop/MSIS_Files/IDD_CNN_inference/idd20k_lite/leftImg8bit/train\98\774477_image.jpg,1
